"Spp","Plot.ID","Year","P1","P2","P3","P4","P5","P6","P7","P1_before","P2_before","P3_before","P4_before","P5_before","P6_before","P7_before"
DRYINT,1,2017,135,186,189,195,210,NA,NA,133,183,186,192,207,NA,NA
DRYINT,2,2017,129,NA,NA,NA,NA,NA,NA,119,NA,NA,NA,NA,NA,NA
DRYINT,3,2017,131,174,177,186,219,NA,NA,129,171,174,183,216,NA,NA
DRYINT,4,2017,129,NA,NA,NA,NA,NA,NA,119,NA,NA,NA,NA,NA,NA
DRYINT,5,2017,129,NA,NA,NA,NA,NA,NA,119,NA,NA,NA,NA,NA,NA
DRYINT,6,2017,135,NA,NA,NA,NA,NA,NA,133,NA,NA,NA,NA,NA,NA
DRYINT,7,2017,131,174,177,186,189,NA,NA,129,171,174,183,186,NA,NA
DRYINT,8,2017,138,NA,186,189,189,NA,NA,137,NA,183,186,186,NA,NA
DRYINT,9,2017,135,NA,NA,NA,NA,NA,NA,133,NA,NA,NA,NA,NA,NA
DRYINT,10,2017,135,NA,177,192,192,NA,NA,133,NA,174,189,189,NA,NA
DRYINT,11,2017,135,NA,NA,NA,NA,NA,NA,133,NA,NA,NA,NA,NA,NA
DRYINT,12,2017,135,NA,NA,NA,NA,NA,NA,133,NA,NA,NA,NA,NA,NA
DRYINT,13,2017,138,NA,NA,NA,NA,NA,NA,137,NA,NA,NA,NA,NA,NA
DRYINT,14,2017,138,186,189,195,198,NA,NA,137,183,186,192,195,NA,NA
DRYINT,15,2017,138,183,186,192,210,NA,NA,137,180,183,189,207,NA,NA
DRYINT,16,2017,138,NA,NA,NA,NA,NA,NA,137,NA,NA,NA,NA,NA,NA
DRYINT,17,2017,138,NA,NA,NA,NA,NA,NA,137,NA,NA,NA,NA,NA,NA
DRYINT,18,2017,138,NA,189,195,213,NA,NA,137,NA,186,192,210,NA,NA
DRYINT,19,2017,135,183,186,192,229,NA,NA,133,180,183,189,228,NA,NA
DRYINT,20,2017,135,174,183,195,198,NA,NA,133,171,180,192,195,NA,NA
ERIVAG,1,2017,141,NA,NA,NA,NA,NA,NA,139,NA,NA,NA,NA,NA,NA
ERIVAG,2,2017,141,141,163,NA,NA,NA,NA,139,139,162,NA,NA,NA,NA
ERIVAG,3,2017,138,138,147,NA,NA,NA,NA,137,137,145,NA,NA,NA,NA
ERIVAG,4,2017,138,NA,NA,NA,NA,NA,NA,137,NA,NA,NA,NA,NA,NA
ERIVAG,5,2017,138,NA,NA,NA,NA,NA,NA,137,NA,NA,NA,NA,NA,NA
ERIVAG,6,2017,138,138,147,NA,NA,NA,NA,137,137,145,NA,NA,NA,NA
ERIVAG,7,2017,135,138,147,NA,NA,NA,NA,133,137,145,NA,NA,NA,NA
ERIVAG,8,2017,138,138,153,NA,NA,NA,NA,137,137,151,NA,NA,NA,NA
ERIVAG,9,2017,138,NA,NA,NA,NA,NA,NA,137,NA,NA,NA,NA,NA,NA
ERIVAG,10,2017,138,141,147,NA,NA,NA,NA,137,139,145,NA,NA,NA,NA
ERIVAG,11,2017,138,138,150,NA,NA,NA,NA,137,137,149,NA,NA,NA,NA
ERIVAG,12,2017,141,NA,NA,NA,NA,NA,NA,139,NA,NA,NA,NA,NA,NA
ERIVAG,13,2017,138,138,147,NA,NA,NA,NA,137,137,145,NA,NA,NA,NA
ERIVAG,14,2017,138,141,147,NA,NA,NA,NA,137,139,145,NA,NA,NA,NA
ERIVAG,15,2017,138,138,150,NA,NA,NA,NA,137,137,149,NA,NA,NA,NA
ERIVAG,16,2017,138,138,147,NA,NA,NA,NA,137,137,145,NA,NA,NA,NA
ERIVAG,17,2017,141,141,147,NA,NA,NA,NA,139,139,145,NA,NA,NA,NA
ERIVAG,18,2017,138,138,147,NA,NA,NA,NA,137,137,145,NA,NA,NA,NA
ERIVAG,19,2017,138,138,144,NA,NA,NA,NA,137,137,143,NA,NA,NA,NA
ERIVAG,20,2017,138,138,147,NA,NA,NA,NA,137,137,145,NA,NA,NA,NA
SALARC,F1,2017,147,159,NA,NA,198,246,NA,145,156,NA,NA,195,243,NA
SALARC,M1,2017,147,150,174,NA,198,183,234,145,149,171,NA,195,180,231
SALARC,F2,2017,147,159,NA,NA,238,231,234,145,156,NA,NA,237,229,231
SALARC,M2,2017,147,153,NA,NA,238,210,240,145,151,NA,NA,237,207,238
SALARC,F3,2017,147,163,NA,NA,204,228,234,145,162,NA,NA,201,225,231
SALARC,M3,2017,147,159,NA,NA,198,234,234,145,156,NA,NA,195,231,231
SALARC,F4,2017,147,156,NA,NA,204,231,NA,145,153,NA,NA,201,229,NA
SALARC,M4,2017,147,165,NA,NA,204,238,NA,145,163,NA,NA,201,237,NA
SALARC,F5,2017,147,159,NA,NA,204,219,238,145,156,NA,NA,201,216,237
SALARC,M5,2017,147,NA,163,NA,238,240,NA,145,NA,162,NA,237,238,NA
SALARC,F6,2017,147,160,NA,NA,238,238,NA,145,159,NA,NA,237,237,NA
SALARC,M6,2017,147,163,NA,NA,210,228,234,145,162,NA,NA,207,225,231
SALARC,F7,2017,147,153,NA,NA,210,228,234,145,151,NA,NA,207,225,231
SALARC,M7,2017,147,163,NA,NA,238,238,NA,145,162,NA,NA,237,237,NA
SALARC,F8,2017,147,159,NA,177,210,231,234,145,156,NA,176,207,229,231
SALARC,M8,2017,147,150,177,NA,204,228,NA,145,149,176,NA,201,225,NA
SALARC,F9,2017,147,163,NA,NA,204,238,NA,145,162,NA,NA,201,237,NA
SALARC,M9,2017,147,150,177,NA,210,234,234,145,149,176,NA,207,231,231
SALARC,F10,2017,147,150,NA,174,210,229,234,145,149,NA,171,207,228,231
SALARC,M10,2017,147,153,186,NA,189,238,NA,145,151,183,NA,186,237,NA
DRYINT,1,2016,135,180,189,197,197,NA,NA,131,177,186,193,193,NA,NA
DRYINT,2,2016,131,NA,NA,NA,NA,NA,NA,121,NA,NA,NA,NA,NA,NA
DRYINT,3,2016,131,NA,NA,NA,NA,NA,NA,121,NA,NA,NA,NA,NA,NA
DRYINT,4,2016,131,180,159,193,197,NA,NA,121,177,156,189,193,NA,NA
DRYINT,5,2016,131,NA,NA,NA,NA,NA,NA,121,NA,NA,NA,NA,NA,NA
DRYINT,6,2016,131,183,189,193,197,NA,NA,121,180,186,189,193,NA,NA
DRYINT,7,2016,131,NA,NA,NA,NA,NA,NA,121,NA,NA,NA,NA,NA,NA
DRYINT,8,2016,135,NA,183,197,NA,NA,NA,131,NA,180,193,NA,NA,NA
DRYINT,9,2016,135,NA,NA,NA,NA,NA,NA,131,NA,NA,NA,NA,NA,NA
DRYINT,10,2016,135,176,177,189,197,NA,NA,131,171,176,186,193,NA,NA
DRYINT,11,2016,135,NA,NA,NA,NA,NA,NA,131,NA,NA,NA,NA,NA,NA
DRYINT,12,2016,135,NA,NA,NA,NA,NA,NA,131,NA,NA,NA,NA,NA,NA
DRYINT,13,2016,135,NA,NA,NA,NA,NA,NA,131,NA,NA,NA,NA,NA,NA
DRYINT,14,2016,135,183,189,197,197,NA,NA,131,180,186,193,193,NA,NA
DRYINT,15,2016,135,NA,NA,NA,NA,NA,NA,131,NA,NA,NA,NA,NA,NA
DRYINT,16,2016,135,NA,NA,NA,NA,NA,NA,131,NA,NA,NA,NA,NA,NA
DRYINT,17,2016,135,NA,NA,NA,NA,NA,NA,131,NA,NA,NA,NA,NA,NA
DRYINT,18,2016,135,NA,NA,NA,NA,NA,NA,131,NA,NA,NA,NA,NA,NA
DRYINT,19,2016,135,NA,NA,NA,NA,NA,NA,131,NA,NA,NA,NA,NA,NA
DRYINT,20,2016,135,207,189,197,207,NA,NA,131,204,186,193,204,NA,NA
ERIVAG,1,2016,142,142,156,NA,NA,NA,NA,138,138,151,NA,NA,NA,NA
ERIVAG,2,2016,135,138,156,NA,NA,NA,NA,125,135,151,NA,NA,NA,NA
ERIVAG,3,2016,135,135,144,NA,NA,NA,NA,125,125,142,NA,NA,NA,NA
ERIVAG,4,2016,135,135,156,NA,NA,NA,NA,125,125,151,NA,NA,NA,NA
ERIVAG,5,2016,135,135,147,NA,NA,NA,NA,125,125,144,NA,NA,NA,NA
ERIVAG,6,2016,135,135,144,NA,NA,NA,NA,125,125,142,NA,NA,NA,NA
ERIVAG,7,2016,135,135,142,NA,NA,NA,NA,125,125,138,NA,NA,NA,NA
ERIVAG,8,2016,135,135,151,NA,NA,NA,NA,125,125,147,NA,NA,NA,NA
ERIVAG,9,2016,135,186,156,NA,NA,NA,NA,125,156,151,NA,NA,NA,NA
ERIVAG,10,2016,135,138,151,NA,NA,NA,NA,125,135,147,NA,NA,NA,NA
ERIVAG,11,2016,135,135,147,NA,NA,NA,NA,125,125,144,NA,NA,NA,NA
ERIVAG,12,2016,142,186,156,NA,NA,NA,NA,138,156,151,NA,NA,NA,NA
ERIVAG,13,2016,138,138,151,NA,NA,NA,NA,135,135,147,NA,NA,NA,NA
ERIVAG,14,2016,135,138,147,NA,NA,NA,NA,125,135,144,NA,NA,NA,NA
ERIVAG,15,2016,135,144,151,NA,NA,NA,NA,125,142,147,NA,NA,NA,NA
ERIVAG,16,2016,135,138,151,NA,NA,NA,NA,125,135,147,NA,NA,NA,NA
ERIVAG,17,2016,135,135,151,NA,NA,NA,NA,125,125,147,NA,NA,NA,NA
ERIVAG,18,2016,135,142,156,NA,NA,NA,NA,125,138,151,NA,NA,NA,NA
ERIVAG,19,2016,135,135,156,NA,NA,NA,NA,125,125,151,NA,NA,NA,NA
ERIVAG,20,2016,135,135,151,NA,NA,NA,NA,125,125,147,NA,NA,NA,NA
SALARC,F1,2016,144,156,NA,177,210,NA,NA,142,154,NA,176,207,NA,NA
SALARC,F10,2016,142,156,NA,NA,197,NA,NA,135,154,NA,NA,193,NA,NA
SALARC,F2,2016,144,159,NA,NA,197,NA,NA,142,156,NA,NA,193,NA,NA
SALARC,F3,2016,144,159,NA,177,189,NA,NA,142,156,NA,176,186,NA,NA
SALARC,F4,2016,144,159,NA,NA,197,NA,NA,142,156,NA,NA,193,NA,NA
SALARC,F5,2016,142,166,NA,NA,210,NA,NA,135,159,NA,NA,207,NA,NA
SALARC,F6,2016,144,159,NA,NA,204,NA,NA,142,156,NA,NA,197,NA,NA
SALARC,F7,2016,142,156,NA,177,197,NA,NA,135,154,NA,176,193,NA,NA
SALARC,F8,2016,142,156,NA,177,197,NA,NA,135,154,NA,176,193,NA,NA
SALARC,F9,2016,142,156,NA,NA,197,NA,NA,135,154,NA,NA,193,NA,NA
SALARC,M1,2016,144,159,183,NA,204,NA,NA,142,156,180,NA,197,NA,NA
SALARC,M10,2016,142,159,177,NA,189,NA,NA,135,156,176,NA,186,NA,NA
SALARC,M2,2016,144,156,NA,NA,207,NA,NA,142,154,NA,NA,204,NA,NA
SALARC,M3,2016,142,159,NA,NA,197,NA,NA,135,156,NA,NA,193,NA,NA
SALARC,M4,2016,142,NA,NA,NA,NA,NA,NA,135,NA,NA,NA,NA,NA,NA
SALARC,M5,2016,144,177,NA,NA,NA,NA,NA,142,176,NA,NA,NA,NA,NA
SALARC,M6,2016,144,159,183,NA,197,NA,NA,142,156,180,NA,193,NA,NA
SALARC,M7,2016,142,159,NA,NA,214,NA,NA,135,156,NA,NA,210,NA,NA
SALARC,M8,2016,142,156,176,NA,197,NA,NA,135,154,171,NA,193,NA,NA
SALARC,M9,2016,142,147,171,NA,207,NA,NA,135,144,166,NA,204,NA,NA
DRYINT,1,2015,130,175,179,184,200,NA,NA,129,173,175,182,196,NA,NA
DRYINT,2,2015,123,175,182,187,196,NA,NA,120,173,180,184,187,NA,NA
DRYINT,3,2015,130,163,166,184,184,NA,NA,129,162,163,182,182,NA,NA
DRYINT,4,2015,117,NA,NA,NA,NA,NA,NA,107,NA,NA,NA,NA,NA,NA
DRYINT,5,2015,123,172,172,184,196,NA,NA,120,169,169,182,187,NA,NA
DRYINT,6,2015,117,172,175,184,187,NA,NA,107,169,173,182,184,NA,NA
DRYINT,7,2015,130,172,175,184,184,NA,NA,129,169,173,182,182,NA,NA
DRYINT,8,2015,130,172,175,184,187,NA,NA,129,169,173,182,184,NA,NA
DRYINT,9,2015,130,NA,NA,NA,NA,NA,NA,129,NA,NA,NA,NA,NA,NA
DRYINT,10,2015,130,172,169,184,187,NA,NA,129,169,166,182,184,NA,NA
DRYINT,11,2015,130,NA,NA,NA,NA,NA,NA,129,NA,NA,NA,NA,NA,NA
DRYINT,12,2015,130,NA,NA,NA,NA,NA,NA,129,NA,NA,NA,NA,NA,NA
DRYINT,13,2015,130,NA,NA,NA,NA,NA,NA,129,NA,NA,NA,NA,NA,NA
DRYINT,14,2015,130,175,180,184,196,NA,NA,129,173,179,182,187,NA,NA
DRYINT,15,2015,137,NA,NA,NA,NA,NA,NA,135,NA,NA,NA,NA,NA,NA
DRYINT,16,2015,130,NA,NA,NA,NA,NA,NA,129,NA,NA,NA,NA,NA,NA
DRYINT,17,2015,137,NA,NA,NA,NA,NA,NA,135,NA,NA,NA,NA,NA,NA
DRYINT,18,2015,137,NA,NA,NA,NA,NA,NA,135,NA,NA,NA,NA,NA,NA
DRYINT,19,2015,130,NA,NA,NA,NA,NA,NA,129,NA,NA,NA,NA,NA,NA
DRYINT,20,2015,130,172,172,184,182,NA,NA,129,169,169,182,180,NA,NA
ERIVAG,1,2015,137,NA,NA,NA,NA,NA,NA,127,NA,NA,NA,NA,NA,NA
ERIVAG,2,2015,137,NA,141,NA,NA,NA,NA,127,NA,137,NA,NA,NA,NA
ERIVAG,3,2015,137,137,141,NA,NA,NA,NA,127,127,137,NA,NA,NA,NA
ERIVAG,4,2015,137,NA,NA,NA,NA,NA,NA,127,NA,NA,NA,NA,NA,NA
ERIVAG,5,2015,137,137,137,NA,NA,NA,NA,127,127,127,NA,NA,NA,NA
ERIVAG,6,2015,137,137,137,NA,NA,NA,NA,127,127,127,NA,NA,NA,NA
ERIVAG,7,2015,137,137,137,NA,NA,NA,NA,127,127,127,NA,NA,NA,NA
ERIVAG,8,2015,137,137,141,NA,NA,NA,NA,127,127,137,NA,NA,NA,NA
ERIVAG,9,2015,137,137,141,NA,NA,NA,NA,127,127,137,NA,NA,NA,NA
ERIVAG,10,2015,137,137,137,NA,NA,NA,NA,127,127,127,NA,NA,NA,NA
ERIVAG,11,2015,137,137,137,NA,NA,NA,NA,127,127,127,NA,NA,NA,NA
ERIVAG,12,2015,137,137,141,NA,NA,NA,NA,127,127,137,NA,NA,NA,NA
ERIVAG,13,2015,137,137,141,NA,NA,NA,NA,127,127,137,NA,NA,NA,NA
ERIVAG,14,2015,137,137,141,NA,NA,NA,NA,127,127,137,NA,NA,NA,NA
ERIVAG,15,2015,137,137,141,NA,NA,NA,NA,127,127,137,NA,NA,NA,NA
ERIVAG,16,2015,137,137,141,NA,NA,NA,NA,127,127,137,NA,NA,NA,NA
ERIVAG,17,2015,137,137,141,NA,NA,NA,NA,127,127,137,NA,NA,NA,NA
ERIVAG,18,2015,137,137,141,NA,NA,NA,NA,127,127,137,NA,NA,NA,NA
ERIVAG,19,2015,137,137,141,NA,NA,NA,NA,127,127,137,NA,NA,NA,NA
ERIVAG,20,2015,137,NA,141,NA,NA,NA,NA,127,NA,137,NA,NA,NA,NA
SALARC,F1,2015,137,144,NA,173,212,223,245,135,141,NA,172,200,217,238
SALARC,F10,2015,137,137,NA,160,212,227,238,135,135,NA,159,200,223,233
SALARC,F2,2015,137,141,NA,157,200,223,245,135,138,NA,156,196,217,238
SALARC,F3,2015,137,147,NA,160,196,233,238,135,144,NA,159,187,227,233
SALARC,F4,2015,137,144,NA,160,212,233,245,135,141,NA,159,200,227,238
SALARC,F5,2015,137,137,NA,153,217,227,245,135,135,NA,150,212,223,238
SALARC,F6,2015,137,NA,NA,160,217,223,223,135,NA,NA,159,212,217,217
SALARC,F7,2015,137,137,NA,180,212,227,245,135,135,NA,179,200,223,238
SALARC,F8,2015,137,141,NA,180,196,227,238,135,138,NA,179,187,223,233
SALARC,F9,2015,137,141,NA,157,200,227,238,135,138,NA,156,196,223,233
SALARC,M1,2015,137,144,154,NA,200,223,238,135,141,153,NA,196,217,233
SALARC,M10,2015,137,141,154,NA,196,227,245,135,138,153,NA,187,223,238
SALARC,M2,2015,137,141,160,NA,200,233,245,135,138,159,NA,196,227,238
SALARC,M3,2015,137,141,160,NA,212,223,238,135,138,159,NA,200,217,233
SALARC,M4,2015,137,141,154,NA,212,233,248,135,138,153,NA,200,227,245
SALARC,M5,2015,137,141,147,NA,196,227,238,135,138,144,NA,187,223,233
SALARC,M6,2015,137,141,NA,NA,196,223,245,135,138,NA,NA,187,217,238
SALARC,M7,2015,137,141,154,NA,200,227,245,135,138,153,NA,196,223,238
SALARC,M8,2015,137,141,163,NA,217,223,238,135,138,162,NA,212,217,233
SALARC,M9,2015,137,141,154,NA,196,233,245,135,138,153,NA,187,227,238
DRYINT,1,2014,123,180,183,190,196,NA,NA,120,177,180,189,195,NA,NA
DRYINT,2,2014,123,NA,NA,NA,NA,NA,NA,120,NA,NA,NA,NA,NA,NA
DRYINT,3,2014,123,NA,NA,NA,NA,NA,NA,120,NA,NA,NA,NA,NA,NA
DRYINT,4,2014,123,NA,NA,NA,NA,NA,NA,120,NA,NA,NA,NA,NA,NA
DRYINT,5,2014,123,180,183,186,204,NA,NA,120,177,180,183,201,NA,NA
DRYINT,6,2014,123,174,180,192,196,NA,NA,120,171,177,190,195,NA,NA
DRYINT,7,2014,126,174,183,186,204,NA,NA,123,171,180,183,201,NA,NA
DRYINT,8,2014,126,NA,NA,NA,NA,NA,NA,123,NA,NA,NA,NA,NA,NA
DRYINT,9,2014,126,NA,NA,NA,NA,NA,NA,123,NA,NA,NA,NA,NA,NA
DRYINT,10,2014,126,177,177,186,196,NA,NA,123,174,174,183,195,NA,NA
DRYINT,11,2014,126,NA,NA,NA,NA,NA,NA,123,NA,NA,NA,NA,NA,NA
DRYINT,12,2014,123,NA,NA,NA,NA,NA,NA,120,NA,NA,NA,NA,NA,NA
DRYINT,13,2014,126,NA,NA,NA,NA,NA,NA,123,NA,NA,NA,NA,NA,NA
DRYINT,14,2014,123,NA,NA,NA,NA,NA,NA,120,NA,NA,NA,NA,NA,NA
DRYINT,15,2014,126,190,196,204,204,NA,NA,123,189,195,201,201,NA,NA
DRYINT,16,2014,126,NA,NA,NA,NA,NA,NA,123,NA,NA,NA,NA,NA,NA
DRYINT,17,2014,126,180,183,186,206,NA,NA,123,177,180,183,204,NA,NA
DRYINT,18,2014,126,NA,NA,NA,NA,NA,NA,123,NA,NA,NA,NA,NA,NA
DRYINT,19,2014,126,180,183,190,196,NA,NA,123,177,180,189,195,NA,NA
DRYINT,20,2014,126,207,186,196,204,NA,NA,123,206,183,195,201,NA,NA
ERIVAG,1,2014,147,156,156,NA,NA,NA,NA,144,153,153,NA,NA,NA,NA
ERIVAG,2,2014,135,125,156,NA,NA,NA,NA,132,123,153,NA,NA,NA,NA
ERIVAG,3,2014,132,135,144,NA,NA,NA,NA,129,132,141,NA,NA,NA,NA
ERIVAG,4,2014,132,135,NA,NA,NA,NA,NA,129,132,NA,NA,NA,NA,NA
ERIVAG,5,2014,126,135,135,NA,NA,NA,NA,125,132,132,NA,NA,NA,NA
ERIVAG,6,2014,126,135,135,NA,NA,NA,NA,125,132,132,NA,NA,NA,NA
ERIVAG,7,2014,126,135,135,NA,NA,NA,NA,125,132,132,NA,NA,NA,NA
ERIVAG,8,2014,126,135,135,NA,NA,NA,NA,125,132,132,NA,NA,NA,NA
ERIVAG,9,2014,126,135,141,NA,NA,NA,NA,125,132,138,NA,NA,NA,NA
ERIVAG,10,2014,126,135,141,NA,NA,NA,NA,125,132,138,NA,NA,NA,NA
ERIVAG,11,2014,126,135,135,NA,NA,NA,NA,125,132,132,NA,NA,NA,NA
ERIVAG,12,2014,132,135,141,NA,NA,NA,NA,129,132,138,NA,NA,NA,NA
ERIVAG,13,2014,132,135,141,NA,NA,NA,NA,129,132,138,NA,NA,NA,NA
ERIVAG,14,2014,126,135,135,NA,NA,NA,NA,125,132,132,NA,NA,NA,NA
ERIVAG,15,2014,126,135,135,NA,NA,NA,NA,125,132,132,NA,NA,NA,NA
ERIVAG,16,2014,126,135,135,NA,NA,NA,NA,125,132,132,NA,NA,NA,NA
ERIVAG,17,2014,132,135,141,NA,NA,NA,NA,129,132,138,NA,NA,NA,NA
ERIVAG,18,2014,126,135,135,NA,NA,NA,NA,125,132,132,NA,NA,NA,NA
ERIVAG,19,2014,126,135,135,NA,NA,NA,NA,125,132,132,NA,NA,NA,NA
ERIVAG,20,2014,126,135,135,NA,NA,NA,NA,125,132,132,NA,NA,NA,NA
SALARC,F1,2014,150,168,NA,NA,213,234,234,147,166,NA,NA,210,231,231
SALARC,F10,2014,135,135,NA,NA,216,234,NA,132,132,NA,NA,213,231,NA
SALARC,F2,2014,150,166,NA,NA,196,234,NA,147,165,NA,NA,195,231,NA
SALARC,F3,2014,156,166,NA,NA,213,234,237,153,165,NA,NA,210,231,234
SALARC,F4,2014,144,196,NA,NA,213,234,NA,141,195,NA,NA,210,231,NA
SALARC,F5,2014,144,166,NA,196,NA,234,NA,141,165,NA,195,NA,231,NA
SALARC,F6,2014,144,166,NA,183,231,240,NA,141,165,NA,180,228,237,NA
SALARC,F7,2014,135,153,NA,NA,216,234,NA,132,150,NA,NA,213,231,NA
SALARC,F8,2014,135,150,NA,NA,204,234,NA,132,147,NA,NA,201,231,NA
SALARC,F9,2014,135,150,NA,NA,225,234,NA,132,147,NA,NA,222,231,NA
SALARC,M1,2014,150,159,177,NA,213,234,NA,147,156,174,NA,210,231,NA
SALARC,M10,2014,135,147,NA,NA,213,234,240,132,144,NA,NA,210,231,237
SALARC,M2,2014,150,159,NA,NA,231,234,NA,147,156,NA,NA,228,231,NA
SALARC,M3,2014,150,166,NA,NA,216,234,NA,147,165,NA,NA,213,231,NA
SALARC,M4,2014,144,166,NA,NA,204,234,NA,141,165,NA,NA,201,231,NA
SALARC,M5,2014,144,159,174,NA,204,216,NA,141,156,171,NA,201,213,NA
SALARC,M6,2014,135,153,NA,NA,227,234,NA,132,150,NA,NA,225,231,NA
SALARC,M7,2014,135,150,NA,NA,231,234,NA,132,147,NA,NA,228,231,NA
SALARC,M8,2014,135,147,NA,NA,183,234,NA,132,144,NA,NA,180,231,NA
SALARC,M9,2014,135,150,177,NA,222,234,240,132,147,174,NA,219,231,237
DRYINT,1,2013,138,NA,NA,NA,NA,NA,NA,136,NA,NA,NA,NA,NA,NA
DRYINT,2,2013,112,181,184,190,205,NA,NA,109,180,183,189,204,NA,NA
DRYINT,3,2013,112,NA,NA,NA,NA,NA,NA,109,NA,NA,NA,NA,NA,NA
DRYINT,4,2013,112,181,184,196,205,NA,NA,109,180,183,195,204,NA,NA
DRYINT,5,2013,135,NA,NA,NA,NA,NA,NA,133,NA,NA,NA,NA,NA,NA
DRYINT,6,2013,133,172,181,184,199,NA,NA,132,171,180,183,198,NA,NA
DRYINT,7,2013,139,NA,181,188,202,NA,NA,138,NA,180,187,201,NA,NA
DRYINT,8,2013,145,NA,NA,NA,NA,NA,NA,144,NA,NA,NA,NA,NA,NA
DRYINT,9,2013,145,NA,NA,NA,NA,NA,NA,144,NA,NA,NA,NA,NA,NA
DRYINT,10,2013,142,178,181,196,199,NA,NA,141,177,180,195,198,NA,NA
DRYINT,11,2013,142,NA,NA,NA,NA,NA,NA,141,NA,NA,NA,NA,NA,NA
DRYINT,12,2013,145,NA,NA,NA,NA,NA,NA,144,NA,NA,NA,NA,NA,NA
DRYINT,13,2013,145,178,184,188,NA,NA,NA,144,177,183,187,NA,NA,NA
DRYINT,14,2013,142,NA,NA,NA,NA,NA,NA,141,NA,NA,NA,NA,NA,NA
DRYINT,15,2013,145,181,188,199,NA,NA,NA,144,180,187,198,NA,NA,NA
DRYINT,16,2013,145,NA,NA,NA,NA,NA,NA,144,NA,NA,NA,NA,NA,NA
DRYINT,17,2013,145,181,184,199,NA,NA,NA,144,180,183,198,NA,NA,NA
DRYINT,18,2013,145,181,184,190,210,NA,NA,144,180,183,189,208,NA,NA
DRYINT,19,2013,145,178,184,188,199,NA,NA,144,177,183,187,198,NA,NA
DRYINT,20,2013,142,172,184,199,202,NA,NA,141,171,183,198,201,NA,NA
ERIVAG,1,2013,148,148,154,NA,NA,NA,NA,147,147,153,NA,NA,NA,NA
ERIVAG,2,2013,148,148,NA,NA,NA,NA,NA,147,147,NA,NA,NA,NA,NA
ERIVAG,3,2013,148,148,151,NA,NA,NA,NA,147,147,150,NA,NA,NA,NA
ERIVAG,4,2013,145,148,NA,NA,NA,NA,NA,144,147,NA,NA,NA,NA,NA
ERIVAG,5,2013,145,148,151,NA,NA,NA,NA,144,147,150,NA,NA,NA,NA
ERIVAG,6,2013,142,148,148,NA,NA,NA,NA,141,147,147,NA,NA,NA,NA
ERIVAG,7,2013,145,148,154,NA,NA,NA,NA,144,147,153,NA,NA,NA,NA
ERIVAG,8,2013,148,148,151,NA,NA,NA,NA,147,147,150,NA,NA,NA,NA
ERIVAG,9,2013,148,NA,154,NA,NA,NA,NA,147,NA,153,NA,NA,NA,NA
ERIVAG,10,2013,145,148,148,NA,NA,NA,NA,144,147,147,NA,NA,NA,NA
ERIVAG,11,2013,142,148,148,NA,NA,NA,NA,141,147,147,NA,NA,NA,NA
ERIVAG,12,2013,145,148,154,NA,NA,NA,NA,144,147,153,NA,NA,NA,NA
ERIVAG,13,2013,148,148,NA,NA,NA,NA,NA,147,147,NA,NA,NA,NA,NA
ERIVAG,14,2013,145,148,154,NA,NA,NA,NA,144,147,153,NA,NA,NA,NA
ERIVAG,15,2013,145,148,154,NA,NA,NA,NA,144,147,153,NA,NA,NA,NA
ERIVAG,16,2013,145,148,148,NA,NA,NA,NA,144,147,147,NA,NA,NA,NA
ERIVAG,17,2013,142,NA,154,NA,NA,NA,NA,141,NA,153,NA,NA,NA,NA
ERIVAG,18,2013,145,148,154,NA,NA,NA,NA,144,147,153,NA,NA,NA,NA
ERIVAG,19,2013,142,148,122,NA,NA,NA,NA,141,147,118,NA,NA,NA,NA
ERIVAG,20,2013,142,148,148,NA,NA,NA,NA,141,147,147,NA,NA,NA,NA
SALARC,F1,2013,160,178,NA,NA,216,241,214,159,177,NA,NA,214,240,213
SALARC,F10,2013,154,166,NA,NA,216,237,245,153,165,NA,NA,214,236,241
SALARC,F2,2013,NA,166,NA,NA,216,237,245,NA,165,NA,NA,214,236,241
SALARC,F3,2013,160,166,NA,NA,205,237,245,159,165,NA,NA,204,236,241
SALARC,F4,2013,160,166,NA,NA,223,237,245,159,165,NA,NA,222,236,241
SALARC,F5,2013,160,166,190,NA,241,NA,249,159,165,189,NA,240,NA,245
SALARC,F6,2013,154,166,NA,NA,213,234,236,153,165,NA,NA,211,232,235
SALARC,F7,2013,154,166,NA,NA,223,237,252,153,165,NA,NA,222,236,249
SALARC,F8,2013,154,166,NA,NA,205,237,245,153,165,NA,NA,204,236,241
SALARC,F9,2013,154,166,NA,184,205,237,245,153,165,NA,183,204,236,241
SALARC,M1,2013,NA,166,NA,NA,210,241,249,NA,165,NA,NA,208,240,245
SALARC,M10,2013,154,166,184,NA,205,241,249,153,165,183,NA,204,240,245
SALARC,M2,2013,160,178,NA,NA,234,241,249,159,177,NA,NA,232,240,245
SALARC,M3,2013,160,175,NA,NA,254,268,249,159,174,NA,NA,252,254,245
SALARC,M4,2013,160,166,184,NA,223,241,249,159,165,183,NA,222,240,245
SALARC,M5,2013,160,172,181,NA,223,241,249,159,171,180,NA,222,240,245
SALARC,M6,2013,154,166,NA,NA,216,237,245,153,165,NA,NA,214,236,241
SALARC,M7,2013,154,184,NA,NA,220,234,245,153,183,NA,NA,219,232,241
SALARC,M8,2013,154,166,NA,NA,213,237,249,153,165,NA,NA,211,236,245
SALARC,M9,2013,154,166,NA,NA,205,234,245,153,165,NA,NA,204,232,241
DRYINT,1,2012,135,NA,NA,NA,NA,NA,NA,132,NA,NA,NA,NA,NA,NA
DRYINT,2,2012,120,NA,180,183,189,NA,NA,117,NA,179,182,188,NA,NA
DRYINT,3,2012,135,171,174,183,183,NA,NA,132,170,173,182,182,NA,NA
DRYINT,4,2012,120,180,183,186,189,NA,NA,117,179,182,185,188,NA,NA
DRYINT,5,2012,135,177,177,186,195,NA,NA,132,176,176,185,194,NA,NA
DRYINT,6,2012,135,183,186,189,195,NA,NA,132,182,185,188,194,NA,NA
DRYINT,7,2012,135,177,180,189,195,NA,NA,132,176,179,188,194,NA,NA
DRYINT,8,2012,135,NA,NA,NA,NA,NA,NA,132,NA,NA,NA,NA,NA,NA
DRYINT,9,2012,135,NA,NA,NA,NA,NA,NA,132,NA,NA,NA,NA,NA,NA
DRYINT,10,2012,135,174,174,183,186,NA,NA,132,173,173,182,185,NA,NA
DRYINT,11,2012,135,NA,NA,NA,NA,NA,NA,132,NA,NA,NA,NA,NA,NA
DRYINT,12,2012,135,NA,NA,NA,NA,NA,NA,132,NA,NA,NA,NA,NA,NA
DRYINT,13,2012,135,177,177,186,189,NA,NA,132,176,176,185,188,NA,NA
DRYINT,14,2012,135,NA,NA,NA,NA,NA,NA,132,NA,NA,NA,NA,NA,NA
DRYINT,15,2012,141,174,174,189,192,NA,NA,138,173,173,188,191,NA,NA
DRYINT,16,2012,135,NA,NA,NA,NA,NA,NA,132,NA,NA,NA,NA,NA,NA
DRYINT,17,2012,135,NA,180,NA,NA,NA,NA,132,NA,179,NA,NA,NA,NA
DRYINT,18,2012,141,180,186,NA,NA,NA,NA,138,179,185,NA,NA,NA,NA
DRYINT,19,2012,135,NA,186,NA,NA,NA,NA,132,NA,185,NA,NA,NA,NA
DRYINT,20,2012,135,180,183,NA,NA,NA,NA,132,179,182,NA,NA,NA,NA
ERIVAG,1,2012,NA,NA,NA,NA,NA,NA,NA,NA,NA,NA,NA,NA,NA,NA
ERIVAG,2,2012,144,144,NA,NA,NA,NA,NA,141,141,NA,NA,NA,NA,NA
ERIVAG,3,2012,141,141,144,NA,NA,NA,NA,138,138,141,NA,NA,NA,NA
ERIVAG,4,2012,144,144,NA,NA,NA,NA,NA,141,141,NA,NA,NA,NA,NA
ERIVAG,5,2012,141,141,144,NA,NA,NA,NA,138,138,141,NA,NA,NA,NA
ERIVAG,6,2012,141,141,144,NA,NA,NA,NA,138,138,141,NA,NA,NA,NA
ERIVAG,7,2012,141,141,144,NA,NA,NA,NA,138,138,141,NA,NA,NA,NA
ERIVAG,8,2012,141,141,144,NA,NA,NA,NA,138,138,141,NA,NA,NA,NA
ERIVAG,9,2012,141,141,156,NA,NA,NA,NA,138,138,155,NA,NA,NA,NA
ERIVAG,10,2012,141,141,147,NA,NA,NA,NA,138,138,144,NA,NA,NA,NA
ERIVAG,11,2012,141,141,144,NA,NA,NA,NA,138,138,141,NA,NA,NA,NA
ERIVAG,12,2012,141,141,144,NA,NA,NA,NA,138,138,141,NA,NA,NA,NA
ERIVAG,13,2012,141,141,144,NA,NA,NA,NA,138,138,141,NA,NA,NA,NA
ERIVAG,14,2012,141,141,144,NA,NA,NA,NA,138,138,141,NA,NA,NA,NA
ERIVAG,15,2012,141,141,144,NA,NA,NA,NA,138,138,141,NA,NA,NA,NA
ERIVAG,16,2012,141,141,144,NA,NA,NA,NA,138,138,141,NA,NA,NA,NA
ERIVAG,17,2012,141,141,144,NA,NA,NA,NA,138,138,141,NA,NA,NA,NA
ERIVAG,18,2012,141,141,147,NA,NA,NA,NA,138,138,144,NA,NA,NA,NA
ERIVAG,19,2012,141,141,144,NA,NA,NA,NA,138,138,141,NA,NA,NA,NA
ERIVAG,20,2012,141,141,144,NA,NA,NA,NA,138,138,141,NA,NA,NA,NA
SALARC,F1,2012,147,NA,NA,NA,NA,NA,NA,144,NA,NA,NA,NA,NA,NA
SALARC,F10,2012,147,159,177,NA,204,NA,NA,144,158,176,NA,203,NA,NA
SALARC,F2,2012,147,165,NA,NA,NA,NA,NA,144,164,NA,NA,NA,NA,NA
SALARC,F3,2012,147,165,NA,NA,NA,NA,NA,144,164,NA,NA,NA,NA,NA
SALARC,F4,2012,147,NA,NA,NA,NA,NA,NA,144,NA,NA,NA,NA,NA,NA
SALARC,F5,2012,144,159,NA,NA,219,NA,NA,141,158,NA,NA,218,NA,NA
SALARC,F6,2012,141,163,NA,NA,219,241,NA,138,161,NA,NA,218,239,NA
SALARC,F7,2012,141,163,NA,NA,219,231,NA,138,161,NA,NA,218,230,NA
SALARC,F8,2012,147,153,NA,NA,213,NA,NA,144,150,NA,NA,212,NA,NA
SALARC,F9,2012,141,147,174,NA,213,NA,NA,138,144,173,NA,212,NA,NA
SALARC,M1,2012,147,165,NA,NA,NA,NA,NA,144,164,NA,NA,NA,NA,NA
SALARC,M10,2012,147,154,168,NA,192,NA,NA,144,153,167,NA,191,NA,NA
SALARC,M2,2012,147,NA,NA,NA,NA,NA,NA,144,NA,NA,NA,NA,NA,NA
SALARC,M3,2012,147,168,NA,NA,NA,NA,NA,144,167,NA,NA,NA,NA,NA
SALARC,M4,2012,147,159,168,NA,213,NA,NA,144,158,167,NA,212,NA,NA
SALARC,M5,2012,144,165,NA,NA,219,NA,NA,141,164,NA,NA,218,NA,NA
SALARC,M6,2012,147,147,NA,NA,213,NA,NA,144,144,NA,NA,212,NA,NA
SALARC,M7,2012,141,156,NA,NA,189,NA,NA,138,155,NA,NA,188,NA,NA
SALARC,M8,2012,147,153,NA,NA,219,NA,NA,144,150,NA,NA,218,NA,NA
SALARC,M9,2012,147,153,171,NA,219,NA,NA,144,150,170,NA,218,NA,NA
DRYINT,1,2011,141,NA,NA,NA,NA,NA,NA,138,NA,NA,NA,NA,NA,NA
DRYINT,2,2011,141,NA,NA,NA,NA,NA,NA,138,NA,NA,NA,NA,NA,NA
DRYINT,3,2011,141,177,183,192,199,NA,NA,138,174,180,189,198,NA,NA
DRYINT,4,2011,141,NA,NA,NA,NA,NA,NA,138,NA,NA,NA,NA,NA,NA
DRYINT,5,2011,141,177,180,192,201,NA,NA,138,174,177,189,199,NA,NA
DRYINT,6,2011,141,186,189,196,199,NA,NA,138,183,186,195,198,NA,NA
DRYINT,7,2011,141,174,177,199,199,NA,NA,138,171,174,198,198,NA,NA
DRYINT,8,2011,141,NA,NA,NA,NA,NA,NA,138,NA,NA,NA,NA,NA,NA
DRYINT,9,2011,141,NA,NA,NA,NA,NA,NA,138,NA,NA,NA,NA,NA,NA
DRYINT,10,2011,141,174,177,192,199,NA,NA,138,171,174,189,198,NA,NA
DRYINT,11,2011,141,174,177,192,199,NA,NA,138,171,174,189,198,NA,NA
DRYINT,12,2011,141,NA,NA,NA,NA,NA,NA,138,NA,NA,NA,NA,NA,NA
DRYINT,13,2011,141,NA,NA,NA,NA,NA,NA,138,NA,NA,NA,NA,NA,NA
DRYINT,14,2011,141,NA,NA,NA,NA,NA,NA,138,NA,NA,NA,NA,NA,NA
DRYINT,15,2011,141,183,186,189,201,NA,NA,138,180,183,186,199,NA,NA
DRYINT,16,2011,141,NA,NA,NA,NA,NA,NA,138,NA,NA,NA,NA,NA,NA
DRYINT,17,2011,141,183,186,189,201,NA,NA,138,180,183,186,199,NA,NA
DRYINT,18,2011,141,NA,NA,NA,NA,NA,NA,138,NA,NA,NA,NA,NA,NA
DRYINT,19,2011,141,171,183,192,199,NA,NA,138,168,180,189,198,NA,NA
DRYINT,20,2011,141,177,186,196,199,NA,NA,138,174,183,195,198,NA,NA
ERIVAG,1,2011,144,150,153,NA,NA,NA,NA,141,147,150,NA,NA,NA,NA
ERIVAG,2,2011,141,144,168,NA,NA,NA,NA,138,141,165,NA,NA,NA,NA
ERIVAG,3,2011,141,144,153,NA,NA,NA,NA,138,141,150,NA,NA,NA,NA
ERIVAG,4,2011,141,144,168,NA,NA,NA,NA,138,141,165,NA,NA,NA,NA
ERIVAG,5,2011,141,144,153,NA,NA,NA,NA,138,141,150,NA,NA,NA,NA
ERIVAG,6,2011,141,144,153,NA,NA,NA,NA,138,141,150,NA,NA,NA,NA
ERIVAG,7,2011,141,144,153,NA,NA,NA,NA,138,141,150,NA,NA,NA,NA
ERIVAG,8,2011,141,144,153,NA,NA,NA,NA,138,141,150,NA,NA,NA,NA
ERIVAG,9,2011,141,144,153,NA,NA,NA,NA,138,141,150,NA,NA,NA,NA
ERIVAG,10,2011,141,144,153,NA,NA,NA,NA,138,141,150,NA,NA,NA,NA
ERIVAG,11,2011,141,144,153,NA,NA,NA,NA,138,141,150,NA,NA,NA,NA
ERIVAG,12,2011,141,144,153,NA,NA,NA,NA,138,141,150,NA,NA,NA,NA
ERIVAG,13,2011,141,144,153,NA,NA,NA,NA,138,141,150,NA,NA,NA,NA
ERIVAG,14,2011,141,144,153,NA,NA,NA,NA,138,141,150,NA,NA,NA,NA
ERIVAG,15,2011,141,144,153,NA,NA,NA,NA,138,141,150,NA,NA,NA,NA
ERIVAG,16,2011,141,144,153,NA,NA,NA,NA,138,141,150,NA,NA,NA,NA
ERIVAG,17,2011,141,144,153,NA,NA,NA,NA,138,141,150,NA,NA,NA,NA
ERIVAG,18,2011,141,144,153,NA,NA,NA,NA,138,141,150,NA,NA,NA,NA
ERIVAG,19,2011,141,144,153,NA,NA,NA,NA,138,141,150,NA,NA,NA,NA
ERIVAG,20,2011,141,144,153,NA,NA,NA,NA,138,141,150,NA,NA,NA,NA
SALARC,F1,2011,147,186,NA,NA,NA,NA,NA,144,183,NA,NA,NA,NA,NA
SALARC,F10,2011,144,150,NA,196,261,233,NA,141,147,NA,195,244,231,NA
SALARC,F2,2011,147,NA,NA,NA,NA,NA,NA,144,NA,NA,NA,NA,NA,NA
SALARC,F3,2011,147,NA,NA,NA,NA,NA,NA,144,NA,NA,NA,NA,NA,NA
SALARC,F4,2011,144,186,NA,NA,216,NA,NA,141,183,NA,NA,213,NA,NA
SALARC,F5,2011,144,NA,NA,NA,NA,NA,NA,141,NA,NA,NA,NA,NA,NA
SALARC,F6,2011,144,156,NA,NA,216,230,NA,141,153,NA,NA,213,228,NA
SALARC,F7,2011,144,183,NA,NA,230,233,NA,141,180,NA,NA,228,231,NA
SALARC,F8,2011,144,186,NA,NA,230,235,NA,141,183,NA,NA,228,234,NA
SALARC,F9,2011,144,150,NA,227,210,233,NA,141,147,NA,225,207,231,NA
SALARC,M1,2011,147,NA,NA,NA,NA,NA,NA,144,NA,NA,NA,NA,NA,NA
SALARC,M10,2011,144,150,196,NA,201,233,NA,141,147,195,NA,199,231,NA
SALARC,M2,2011,147,NA,NA,NA,NA,NA,NA,144,NA,NA,NA,NA,NA,NA
SALARC,M3,2011,147,NA,NA,NA,NA,NA,NA,144,NA,NA,NA,NA,NA,NA
SALARC,M4,2011,144,159,NA,NA,201,233,NA,141,156,NA,NA,199,231,NA
SALARC,M5,2011,144,171,NA,NA,230,233,NA,141,168,NA,NA,228,231,NA
SALARC,M6,2011,144,NA,NA,NA,NA,NA,NA,141,NA,NA,NA,NA,NA,NA
SALARC,M7,2011,144,186,NA,NA,201,235,NA,141,183,NA,NA,199,234,NA
SALARC,M8,2011,144,NA,NA,NA,NA,NA,NA,141,NA,NA,NA,NA,NA,NA
SALARC,M9,2011,144,153,NA,NA,216,230,NA,141,150,NA,NA,213,228,NA
DRYINT,1,2010,113,NA,NA,NA,NA,NA,NA,110,NA,NA,NA,NA,NA,NA
DRYINT,2,2010,113,188,191,197,200,NA,NA,110,185,189,194,199,NA,NA
DRYINT,3,2010,116,176,185,197,200,NA,NA,113,173,182,194,199,NA,NA
DRYINT,4,2010,110,NA,NA,NA,NA,NA,NA,107,NA,NA,NA,NA,NA,NA
DRYINT,5,2010,110,182,182,191,197,NA,NA,107,179,179,189,194,NA,NA
DRYINT,6,2010,146,176,182,189,203,NA,NA,143,173,179,188,200,NA,NA
DRYINT,7,2010,146,171,179,197,203,NA,NA,143,170,176,194,200,NA,NA
DRYINT,8,2010,146,188,191,199,200,NA,NA,143,185,189,197,199,NA,NA
DRYINT,9,2010,146,NA,NA,NA,NA,NA,NA,143,NA,NA,NA,NA,NA,NA
DRYINT,10,2010,140,176,179,197,200,NA,NA,137,173,176,194,199,NA,NA
DRYINT,11,2010,146,179,185,197,200,NA,NA,143,176,182,194,199,NA,NA
DRYINT,12,2010,146,NA,NA,NA,NA,NA,NA,143,NA,NA,NA,NA,NA,NA
DRYINT,13,2010,146,NA,NA,NA,NA,NA,NA,143,NA,NA,NA,NA,NA,NA
DRYINT,14,2010,149,NA,NA,NA,NA,NA,NA,146,NA,NA,NA,NA,NA,NA
DRYINT,15,2010,149,179,188,197,NA,NA,NA,146,176,185,194,NA,NA,NA
DRYINT,16,2010,149,NA,NA,NA,NA,NA,NA,146,NA,NA,NA,NA,NA,NA
DRYINT,17,2010,146,NA,NA,NA,NA,NA,NA,143,NA,NA,NA,NA,NA,NA
DRYINT,18,2010,146,NA,NA,NA,NA,NA,NA,143,NA,NA,NA,NA,NA,NA
DRYINT,19,2010,149,NA,NA,NA,NA,NA,NA,146,NA,NA,NA,NA,NA,NA
DRYINT,20,2010,149,188,191,197,203,NA,NA,146,185,189,194,200,NA,NA
ERIVAG,1,2010,149,155,158,NA,NA,NA,NA,146,152,157,NA,NA,NA,NA
ERIVAG,2,2010,149,155,161,NA,NA,NA,NA,146,152,158,NA,NA,NA,NA
ERIVAG,3,2010,149,155,158,NA,NA,NA,NA,146,152,157,NA,NA,NA,NA
ERIVAG,4,2010,149,155,161,NA,NA,NA,NA,146,152,158,NA,NA,NA,NA
ERIVAG,5,2010,149,155,158,NA,NA,NA,NA,146,152,157,NA,NA,NA,NA
ERIVAG,6,2010,149,155,157,NA,NA,NA,NA,146,152,155,NA,NA,NA,NA
ERIVAG,7,2010,149,155,158,NA,NA,NA,NA,146,152,157,NA,NA,NA,NA
ERIVAG,8,2010,149,176,NA,NA,NA,NA,NA,146,173,NA,NA,NA,NA,NA
ERIVAG,9,2010,149,171,NA,NA,NA,NA,NA,146,170,NA,NA,NA,NA,NA
ERIVAG,10,2010,149,158,158,NA,NA,NA,NA,146,157,157,NA,NA,NA,NA
ERIVAG,11,2010,149,155,155,NA,NA,NA,NA,146,152,152,NA,NA,NA,NA
ERIVAG,12,2010,149,155,NA,NA,NA,NA,NA,146,152,NA,NA,NA,NA,NA
ERIVAG,13,2010,149,171,NA,NA,NA,NA,NA,146,170,NA,NA,NA,NA,NA
ERIVAG,14,2010,149,155,155,NA,NA,NA,NA,146,152,152,NA,NA,NA,NA
ERIVAG,15,2010,149,155,155,NA,NA,NA,NA,146,152,152,NA,NA,NA,NA
ERIVAG,16,2010,149,155,155,NA,NA,NA,NA,146,152,152,NA,NA,NA,NA
ERIVAG,17,2010,149,155,155,NA,NA,NA,NA,146,152,152,NA,NA,NA,NA
ERIVAG,18,2010,146,155,155,NA,NA,NA,NA,143,152,152,NA,NA,NA,NA
ERIVAG,19,2010,146,155,158,NA,NA,NA,NA,143,152,157,NA,NA,NA,NA
ERIVAG,20,2010,146,155,155,NA,NA,NA,NA,143,152,152,NA,NA,NA,NA
SALARC,F1,2010,149,182,NA,203,232,232,245,146,179,NA,200,230,230,242
SALARC,F10,2010,149,158,NA,176,221,232,245,146,155,NA,173,218,230,242
SALARC,F2,2010,152,NA,NA,NA,NA,NA,NA,149,NA,NA,NA,NA,NA,NA
SALARC,F3,2010,149,NA,NA,NA,NA,NA,NA,146,NA,NA,NA,NA,NA,NA
SALARC,F4,2010,149,161,NA,191,221,232,242,146,158,NA,189,218,230,239
SALARC,F5,2010,149,NA,NA,NA,NA,NA,NA,146,NA,NA,NA,NA,NA,NA
SALARC,F6,2010,149,161,NA,203,212,232,242,146,158,NA,200,209,230,239
SALARC,F7,2010,149,161,NA,179,221,242,245,146,158,NA,176,218,239,242
SALARC,F8,2010,149,161,NA,176,212,242,245,146,158,NA,173,209,239,242
SALARC,F9,2010,149,161,NA,171,221,232,245,146,158,NA,170,218,230,242
SALARC,M1,2010,152,161,191,NA,232,NA,245,149,158,189,NA,230,NA,242
SALARC,M10,2010,149,155,167,NA,221,232,248,146,152,164,NA,218,230,245
SALARC,M2,2010,149,161,NA,NA,NA,NA,NA,146,158,NA,NA,NA,NA,NA
SALARC,M3,2010,149,NA,NA,NA,NA,NA,NA,146,NA,NA,NA,NA,NA,NA
SALARC,M4,2010,149,161,171,NA,212,232,239,146,158,170,NA,209,230,236
SALARC,M5,2010,149,161,171,NA,221,232,239,146,158,170,NA,218,230,236
SALARC,M6,2010,149,NA,NA,NA,NA,NA,NA,146,NA,NA,NA,NA,NA,NA
SALARC,M7,2010,149,161,171,NA,212,242,245,146,158,170,NA,209,239,242
SALARC,M8,2010,149,155,171,NA,221,248,245,146,152,170,NA,218,245,242
SALARC,M9,2010,149,158,171,NA,212,NA,NA,146,155,170,NA,209,NA,NA
DRYINT,1,2009,127,NA,NA,NA,NA,NA,NA,124,NA,NA,NA,NA,NA,NA
DRYINT,2,2009,127,NA,NA,NA,NA,NA,NA,124,NA,NA,NA,NA,NA,NA
DRYINT,3,2009,127,NA,NA,NA,NA,NA,NA,124,NA,NA,NA,NA,NA,NA
DRYINT,4,2009,127,NA,NA,NA,NA,NA,NA,124,NA,NA,NA,NA,NA,NA
DRYINT,5,2009,127,NA,NA,NA,NA,NA,NA,124,NA,NA,NA,NA,NA,NA
DRYINT,6,2009,127,181,187,211,214,NA,NA,124,178,184,208,211,NA,NA
DRYINT,7,2009,127,172,187,193,214,NA,NA,124,169,184,190,211,NA,NA
DRYINT,8,2009,127,184,190,193,214,NA,NA,124,181,189,190,211,NA,NA
DRYINT,9,2009,127,NA,NA,NA,NA,NA,NA,124,NA,NA,NA,NA,NA,NA
DRYINT,10,2009,127,181,187,196,205,NA,NA,124,178,184,193,202,NA,NA
DRYINT,11,2009,127,NA,NA,NA,NA,NA,NA,124,NA,NA,NA,NA,NA,NA
DRYINT,12,2009,127,NA,NA,NA,NA,NA,NA,124,NA,NA,NA,NA,NA,NA
DRYINT,13,2009,127,181,187,196,205,NA,NA,124,178,184,193,202,NA,NA
DRYINT,14,2009,127,NA,NA,NA,NA,NA,NA,124,NA,NA,NA,NA,NA,NA
DRYINT,15,2009,127,NA,NA,NA,NA,NA,NA,124,NA,NA,NA,NA,NA,NA
DRYINT,16,2009,127,NA,NA,NA,NA,NA,NA,124,NA,NA,NA,NA,NA,NA
DRYINT,17,2009,127,NA,NA,NA,NA,NA,NA,124,NA,NA,NA,NA,NA,NA
DRYINT,18,2009,127,NA,NA,NA,NA,NA,NA,124,NA,NA,NA,NA,NA,NA
DRYINT,19,2009,127,NA,NA,NA,NA,NA,NA,124,NA,NA,NA,NA,NA,NA
DRYINT,20,2009,127,196,206,NA,NA,NA,NA,124,193,205,NA,NA,NA,NA
ERIVAG,1,2009,151,157,163,NA,NA,NA,NA,148,154,160,NA,NA,NA,NA
ERIVAG,2,2009,151,NA,NA,NA,NA,NA,NA,148,NA,NA,NA,NA,NA,NA
ERIVAG,3,2009,151,NA,157,NA,NA,NA,NA,148,NA,154,NA,NA,NA,NA
ERIVAG,4,2009,148,151,160,NA,NA,NA,NA,145,148,157,NA,NA,NA,NA
ERIVAG,5,2009,148,151,157,NA,NA,NA,NA,145,148,154,NA,NA,NA,NA
ERIVAG,6,2009,148,151,157,NA,NA,NA,NA,145,148,154,NA,NA,NA,NA
ERIVAG,7,2009,148,151,157,NA,NA,NA,NA,145,148,154,NA,NA,NA,NA
ERIVAG,8,2009,148,151,157,NA,NA,NA,NA,145,148,154,NA,NA,NA,NA
ERIVAG,9,2009,148,151,157,NA,NA,NA,NA,145,148,154,NA,NA,NA,NA
ERIVAG,10,2009,148,151,157,NA,NA,NA,NA,145,148,154,NA,NA,NA,NA
ERIVAG,11,2009,148,151,157,NA,NA,NA,NA,145,148,154,NA,NA,NA,NA
ERIVAG,12,2009,148,151,157,NA,NA,NA,NA,145,148,154,NA,NA,NA,NA
ERIVAG,13,2009,127,151,NA,NA,NA,NA,NA,124,148,NA,NA,NA,NA,NA
ERIVAG,14,2009,127,151,157,NA,NA,NA,NA,124,148,154,NA,NA,NA,NA
ERIVAG,15,2009,127,151,157,NA,NA,NA,NA,124,148,154,NA,NA,NA,NA
ERIVAG,16,2009,127,151,NA,NA,NA,NA,NA,124,148,NA,NA,NA,NA,NA
ERIVAG,17,2009,127,151,157,NA,NA,NA,NA,124,148,154,NA,NA,NA,NA
ERIVAG,18,2009,127,151,157,NA,NA,NA,NA,124,148,154,NA,NA,NA,NA
ERIVAG,19,2009,127,157,NA,NA,NA,NA,NA,124,154,NA,NA,NA,NA,NA
ERIVAG,20,2009,127,157,163,NA,NA,NA,NA,124,154,160,NA,NA,NA,NA
SALARC,F1,2009,160,184,NA,NA,232,235,241,157,181,NA,NA,229,232,238
SALARC,F10,2009,157,163,NA,187,220,229,241,154,160,NA,184,217,226,238
SALARC,F2,2009,157,NA,NA,NA,NA,NA,NA,154,NA,NA,NA,NA,NA,NA
SALARC,F3,2009,157,NA,NA,NA,NA,NA,NA,154,NA,NA,NA,NA,NA,NA
SALARC,F4,2009,157,166,NA,193,224,237,NA,154,163,NA,190,223,235,NA
SALARC,F5,2009,157,NA,NA,NA,NA,NA,NA,154,NA,NA,NA,NA,NA,NA
SALARC,F6,2009,157,166,NA,NA,226,NA,NA,154,163,NA,NA,224,NA,NA
SALARC,F7,2009,157,166,NA,226,229,NA,NA,154,163,NA,224,226,NA,NA
SALARC,F8,2009,157,163,NA,NA,229,235,NA,154,160,NA,NA,226,232,NA
SALARC,F9,2009,157,163,NA,187,224,232,241,154,160,NA,184,223,229,238
SALARC,M1,2009,160,166,189,NA,226,235,241,157,163,187,NA,224,232,238
SALARC,M10,2009,157,163,184,NA,226,238,NA,154,160,181,NA,224,237,NA
SALARC,M2,2009,157,184,NA,NA,229,NA,NA,154,181,NA,NA,226,NA,NA
SALARC,M3,2009,157,NA,NA,NA,NA,NA,NA,154,NA,NA,NA,NA,NA,NA
SALARC,M4,2009,157,166,NA,NA,220,235,241,154,163,NA,NA,217,232,238
SALARC,M5,2009,157,166,NA,NA,235,NA,241,154,163,NA,NA,232,NA,238
SALARC,M6,2009,157,NA,NA,NA,NA,NA,NA,154,NA,NA,NA,NA,NA,NA
SALARC,M7,2009,157,163,NA,NA,NA,NA,NA,154,160,NA,NA,NA,NA,NA
SALARC,M8,2009,157,184,NA,NA,NA,NA,NA,154,181,NA,NA,NA,NA,NA
SALARC,M9,2009,157,166,NA,NA,NA,NA,NA,154,163,NA,NA,NA,NA,NA
DRYINT,1,2008,150,183,186,195,195,NA,NA,149,180,183,192,192,NA,NA
DRYINT,2,2008,NA,174,180,186,195,NA,NA,NA,171,177,183,192,NA,NA
DRYINT,3,2008,150,171,180,183,195,NA,NA,149,168,177,180,192,NA,NA
DRYINT,4,2008,141,NA,NA,NA,NA,NA,NA,138,NA,NA,NA,NA,NA,NA
DRYINT,5,2008,141,NA,NA,NA,NA,NA,NA,138,NA,NA,NA,NA,NA,NA
DRYINT,6,2008,150,171,180,186,186,NA,NA,149,168,177,183,183,NA,NA
DRYINT,7,2008,141,NA,NA,186,186,NA,NA,138,NA,NA,183,183,NA,NA
DRYINT,8,2008,150,NA,NA,NA,NA,NA,NA,149,NA,NA,NA,NA,NA,NA
DRYINT,9,2008,141,180,183,186,NA,NA,NA,138,177,180,183,NA,NA,NA
DRYINT,10,2008,150,NA,NA,NA,NA,NA,NA,149,NA,NA,NA,NA,NA,NA
DRYINT,11,2008,150,NA,NA,183,186,NA,NA,149,NA,NA,180,183,NA,NA
DRYINT,12,2008,150,NA,NA,NA,NA,NA,NA,149,NA,NA,NA,NA,NA,NA
DRYINT,13,2008,150,171,175,186,186,NA,NA,149,168,174,183,183,NA,NA
DRYINT,14,2008,141,175,180,NA,195,NA,NA,138,174,177,NA,192,NA,NA
DRYINT,15,2008,150,171,180,195,195,NA,NA,149,168,177,192,192,NA,NA
DRYINT,16,2008,150,NA,NA,NA,NA,NA,NA,149,NA,NA,NA,NA,NA,NA
DRYINT,17,2008,150,180,180,NA,195,NA,NA,149,177,177,NA,192,NA,NA
DRYINT,18,2008,150,NA,NA,NA,NA,NA,NA,149,NA,NA,NA,NA,NA,NA
DRYINT,19,2008,150,NA,NA,NA,NA,NA,NA,149,NA,NA,NA,NA,NA,NA
DRYINT,20,2008,150,180,180,NA,195,NA,NA,149,177,177,NA,192,NA,NA
ERIVAG,1,2008,146,152,156,NA,NA,NA,NA,144,150,153,NA,NA,NA,NA
ERIVAG,2,2008,146,152,156,NA,NA,NA,NA,144,150,153,NA,NA,NA,NA
ERIVAG,3,2008,146,152,156,NA,NA,NA,NA,144,150,153,NA,NA,NA,NA
ERIVAG,4,2008,146,152,156,NA,NA,NA,NA,144,150,153,NA,NA,NA,NA
ERIVAG,5,2008,146,152,156,NA,NA,NA,NA,144,150,153,NA,NA,NA,NA
ERIVAG,6,2008,146,152,156,NA,NA,NA,NA,144,150,153,NA,NA,NA,NA
ERIVAG,7,2008,146,152,156,NA,NA,NA,NA,144,150,153,NA,NA,NA,NA
ERIVAG,8,2008,146,152,156,NA,NA,NA,NA,144,150,153,NA,NA,NA,NA
ERIVAG,9,2008,146,152,156,NA,NA,NA,NA,144,150,153,NA,NA,NA,NA
ERIVAG,10,2008,146,152,156,NA,NA,NA,NA,144,150,153,NA,NA,NA,NA
ERIVAG,11,2008,146,152,152,NA,NA,NA,NA,144,150,150,NA,NA,NA,NA
ERIVAG,12,2008,146,152,156,NA,NA,NA,NA,144,150,153,NA,NA,NA,NA
ERIVAG,13,2008,146,152,156,NA,NA,NA,NA,144,150,153,NA,NA,NA,NA
ERIVAG,14,2008,146,152,156,NA,NA,NA,NA,144,150,153,NA,NA,NA,NA
ERIVAG,15,2008,146,152,156,NA,NA,NA,NA,144,150,153,NA,NA,NA,NA
ERIVAG,16,2008,146,152,156,NA,NA,NA,NA,144,150,153,NA,NA,NA,NA
ERIVAG,17,2008,146,152,156,NA,NA,NA,NA,144,150,153,NA,NA,NA,NA
ERIVAG,18,2008,146,152,156,NA,NA,NA,NA,144,150,153,NA,NA,NA,NA
ERIVAG,19,2008,146,152,156,NA,NA,NA,NA,144,150,153,NA,NA,NA,NA
ERIVAG,20,2008,146,152,NA,NA,NA,NA,NA,144,150,NA,NA,NA,NA,NA
SALARC,F1,2008,149,168,NA,171,220,234,240,147,165,NA,168,213,228,237
SALARC,F10,2008,149,156,NA,180,220,240,246,147,153,NA,177,213,237,240
SALARC,F2,2008,149,NA,NA,NA,NA,NA,NA,147,NA,NA,NA,NA,NA,NA
SALARC,F3,2008,149,168,NA,171,220,228,240,147,165,NA,168,213,224,237
SALARC,F4,2008,149,152,NA,171,210,237,240,147,150,NA,168,207,234,237
SALARC,F5,2008,149,NA,NA,NA,NA,NA,NA,147,NA,NA,NA,NA,NA,NA
SALARC,F6,2008,149,NA,NA,NA,NA,NA,NA,147,NA,NA,NA,NA,NA,NA
SALARC,F7,2008,149,152,NA,171,220,NA,248,147,150,NA,168,213,NA,246
SALARC,F8,2008,149,156,NA,171,210,NA,248,147,153,NA,168,207,NA,246
SALARC,F9,2008,149,156,NA,180,220,237,248,147,153,NA,177,213,234,246
SALARC,M1,2008,149,168,171,NA,207,237,240,147,165,168,NA,204,234,237
SALARC,M10,2008,149,152,168,NA,220,240,248,147,150,165,NA,213,237,246
SALARC,M2,2008,149,168,171,NA,220,224,NA,147,165,168,NA,213,220,NA
SALARC,M3,2008,149,168,171,NA,220,228,237,147,165,168,NA,213,224,234
SALARC,M4,2008,149,156,171,NA,207,228,240,147,153,168,NA,204,224,237
SALARC,M5,2008,149,NA,168,NA,220,234,240,147,NA,165,NA,213,228,237
SALARC,M6,2008,149,NA,NA,NA,NA,NA,NA,147,NA,NA,NA,NA,NA,NA
SALARC,M7,2008,149,156,171,NA,220,240,248,147,153,168,NA,213,237,246
SALARC,M8,2008,149,NA,NA,NA,NA,NA,NA,147,NA,NA,NA,NA,NA,NA
SALARC,M9,2008,149,156,168,NA,220,237,248,147,153,165,NA,213,234,246
DRYINT,1,2007,146,NA,NA,NA,NA,NA,NA,140,NA,NA,NA,NA,NA,NA
DRYINT,2,2007,146,179,182,191,194,NA,NA,140,176,179,188,191,NA,NA
DRYINT,3,2007,146,NA,NA,NA,NA,NA,NA,140,NA,NA,NA,NA,NA,NA
DRYINT,4,2007,119,NA,NA,NA,NA,NA,NA,110,NA,NA,NA,NA,NA,NA
DRYINT,5,2007,146,NA,NA,NA,NA,NA,NA,140,NA,NA,NA,NA,NA,NA
DRYINT,6,2007,146,173,209,191,196,NA,NA,140,170,206,188,194,NA,NA
DRYINT,7,2007,149,173,179,191,194,NA,NA,146,170,176,188,191,NA,NA
DRYINT,8,2007,149,182,185,191,194,NA,NA,146,179,182,188,191,NA,NA
DRYINT,9,2007,149,NA,NA,NA,NA,NA,NA,146,NA,NA,NA,NA,NA,NA
DRYINT,10,2007,146,173,179,191,194,NA,NA,140,170,176,188,191,NA,NA
DRYINT,11,2007,146,185,188,191,194,NA,NA,140,182,185,188,191,NA,NA
DRYINT,12,2007,146,NA,NA,NA,NA,NA,NA,140,NA,NA,NA,NA,NA,NA
DRYINT,13,2007,146,173,179,188,194,NA,NA,140,170,176,185,191,NA,NA
DRYINT,14,2007,146,176,179,199,194,NA,NA,140,173,176,197,191,NA,NA
DRYINT,15,2007,146,182,191,194,197,NA,NA,140,179,188,191,196,NA,NA
DRYINT,16,2007,149,NA,NA,NA,NA,NA,NA,146,NA,NA,NA,NA,NA,NA
DRYINT,17,2007,158,182,188,194,194,NA,NA,149,179,185,191,191,NA,NA
DRYINT,18,2007,149,NA,NA,NA,NA,NA,NA,146,NA,NA,NA,NA,NA,NA
DRYINT,19,2007,149,182,185,199,197,NA,NA,146,179,182,197,196,NA,NA
DRYINT,20,2007,149,191,191,197,197,NA,NA,146,188,188,196,196,NA,NA
ERIVAG,1,2007,158,158,158,NA,NA,NA,NA,149,149,149,NA,NA,NA,NA
ERIVAG,2,2007,149,149,158,NA,NA,NA,NA,146,146,149,NA,NA,NA,NA
ERIVAG,3,2007,149,149,158,NA,NA,NA,NA,146,146,149,NA,NA,NA,NA
ERIVAG,4,2007,149,149,NA,NA,NA,NA,NA,146,146,NA,NA,NA,NA,NA
ERIVAG,5,2007,149,149,158,NA,NA,NA,NA,146,146,149,NA,NA,NA,NA
ERIVAG,6,2007,149,149,158,NA,NA,NA,NA,146,146,149,NA,NA,NA,NA
ERIVAG,7,2007,149,149,158,NA,NA,NA,NA,146,146,149,NA,NA,NA,NA
ERIVAG,8,2007,149,149,158,NA,NA,NA,NA,146,146,149,NA,NA,NA,NA
ERIVAG,9,2007,149,158,158,NA,NA,NA,NA,146,149,149,NA,NA,NA,NA
ERIVAG,10,2007,149,149,158,NA,NA,NA,NA,146,146,149,NA,NA,NA,NA
ERIVAG,11,2007,149,149,158,NA,NA,NA,NA,146,146,149,NA,NA,NA,NA
ERIVAG,12,2007,149,149,158,NA,NA,NA,NA,146,146,149,NA,NA,NA,NA
ERIVAG,13,2007,149,149,158,NA,NA,NA,NA,146,146,149,NA,NA,NA,NA
ERIVAG,14,2007,158,158,158,NA,NA,NA,NA,149,149,149,NA,NA,NA,NA
ERIVAG,15,2007,149,149,158,NA,NA,NA,NA,146,146,149,NA,NA,NA,NA
ERIVAG,16,2007,149,149,158,NA,NA,NA,NA,146,146,149,NA,NA,NA,NA
ERIVAG,17,2007,158,158,158,NA,NA,NA,NA,149,149,149,NA,NA,NA,NA
ERIVAG,18,2007,149,149,158,NA,NA,NA,NA,146,146,149,NA,NA,NA,NA
ERIVAG,19,2007,149,149,158,NA,NA,NA,NA,146,146,149,NA,NA,NA,NA
ERIVAG,20,2007,158,158,158,NA,NA,NA,NA,149,149,149,NA,NA,NA,NA
SALARC,F1,2007,158,167,NA,NA,210,222,236,149,164,NA,NA,209,221,233
SALARC,F10,2007,NA,NA,NA,NA,210,233,242,NA,NA,NA,NA,209,230,241
SALARC,F2,2007,158,NA,NA,NA,NA,NA,NA,149,NA,NA,NA,NA,NA,NA
SALARC,F3,2007,158,185,NA,NA,227,236,242,149,182,NA,NA,224,233,241
SALARC,F4,2007,158,167,NA,NA,210,230,242,149,164,NA,NA,209,227,241
SALARC,F5,2007,158,191,NA,NA,218,230,238,149,188,NA,NA,215,227,236
SALARC,F6,2007,158,167,NA,NA,203,230,242,149,164,NA,NA,200,227,241
SALARC,F7,2007,158,167,NA,NA,206,230,242,149,164,NA,NA,203,227,241
SALARC,F8,2007,158,NA,NA,NA,210,233,242,149,NA,NA,NA,209,230,241
SALARC,F9,2007,158,167,NA,197,215,230,242,149,164,NA,196,212,227,241
SALARC,M1,2007,158,164,182,NA,197,222,242,149,161,179,NA,196,221,241
SALARC,M10,2007,NA,182,NA,NA,224,236,255,NA,179,NA,NA,222,233,242
SALARC,M2,2007,158,173,NA,NA,224,233,242,149,170,NA,NA,222,230,241
SALARC,M3,2007,158,185,NA,NA,224,227,236,149,182,NA,NA,222,224,233
SALARC,M4,2007,158,167,NA,NA,194,230,242,149,164,NA,NA,191,227,241
SALARC,M5,2007,158,161,182,NA,210,230,236,149,158,179,NA,209,227,233
SALARC,M6,2007,158,173,NA,NA,210,218,236,149,170,NA,NA,209,215,233
SALARC,M7,2007,158,NA,NA,NA,218,238,258,149,NA,NA,NA,215,236,255
SALARC,M8,2007,158,NA,NA,NA,210,236,238,149,NA,NA,NA,209,233,236
SALARC,M9,2007,158,173,NA,NA,215,230,242,149,170,NA,NA,212,227,241
DRYINT,1,2006,132,NA,NA,NA,NA,NA,NA,128,NA,NA,NA,NA,NA,NA
DRYINT,2,2006,135,174,177,193,NA,NA,NA,132,168,174,189,NA,NA,NA
DRYINT,3,2006,135,174,177,183,195,NA,NA,132,168,174,180,193,NA,NA
DRYINT,4,2006,135,NA,NA,NA,NA,NA,NA,132,NA,NA,NA,NA,NA,NA
DRYINT,5,2006,135,NA,NA,NA,NA,NA,NA,132,NA,NA,NA,NA,NA,NA
DRYINT,6,2006,135,174,177,193,196,NA,NA,132,168,174,189,195,NA,NA
DRYINT,7,2006,135,174,177,189,193,NA,NA,132,168,174,186,189,NA,NA
DRYINT,8,2006,132,180,184,189,202,NA,NA,128,177,183,186,198,NA,NA
DRYINT,9,2006,135,NA,NA,NA,NA,NA,NA,132,NA,NA,NA,NA,NA,NA
DRYINT,10,2006,135,NA,NA,NA,NA,NA,NA,132,NA,NA,NA,NA,NA,NA
DRYINT,11,2006,135,180,184,193,NA,NA,NA,132,177,183,189,NA,NA,NA
DRYINT,12,2006,135,NA,NA,NA,NA,NA,NA,132,NA,NA,NA,NA,NA,NA
DRYINT,13,2006,135,177,177,189,NA,NA,NA,132,174,174,186,NA,NA,NA
DRYINT,14,2006,135,174,177,189,202,NA,NA,132,168,174,186,198,NA,NA
DRYINT,15,2006,135,177,184,202,NA,NA,NA,132,174,183,198,NA,NA,NA
DRYINT,16,2006,135,NA,NA,NA,NA,NA,NA,132,NA,NA,NA,NA,NA,NA
DRYINT,17,2006,135,180,184,193,NA,NA,NA,132,177,183,189,NA,NA,NA
DRYINT,18,2006,135,NA,NA,NA,NA,NA,NA,132,NA,NA,NA,NA,NA,NA
DRYINT,19,2006,135,177,180,186,NA,NA,NA,132,174,177,184,NA,NA,NA
DRYINT,20,2006,135,NA,NA,NA,NA,NA,NA,132,NA,NA,NA,NA,NA,NA
ERIVAG,1,2006,138,141,150,NA,NA,NA,NA,135,138,147,NA,NA,NA,NA
ERIVAG,2,2006,NA,NA,162,NA,NA,NA,NA,NA,NA,159,NA,NA,NA,NA
ERIVAG,3,2006,135,141,145,NA,NA,NA,NA,132,138,141,NA,NA,NA,NA
ERIVAG,4,2006,138,141,NA,NA,NA,NA,NA,135,138,NA,NA,NA,NA,NA
ERIVAG,5,2006,135,138,147,NA,NA,NA,NA,132,135,145,NA,NA,NA,NA
ERIVAG,6,2006,135,138,145,NA,NA,NA,NA,132,135,141,NA,NA,NA,NA
ERIVAG,7,2006,135,NA,NA,NA,NA,NA,NA,132,NA,NA,NA,NA,NA,NA
ERIVAG,8,2006,138,138,150,NA,NA,NA,NA,135,135,147,NA,NA,NA,NA
ERIVAG,9,2006,135,NA,NA,NA,NA,NA,NA,132,NA,NA,NA,NA,NA,NA
ERIVAG,10,2006,135,141,147,NA,NA,NA,NA,132,138,145,NA,NA,NA,NA
ERIVAG,11,2006,138,138,145,NA,NA,NA,NA,135,135,141,NA,NA,NA,NA
ERIVAG,12,2006,135,138,150,NA,NA,NA,NA,132,135,147,NA,NA,NA,NA
ERIVAG,13,2006,138,138,150,NA,NA,NA,NA,135,135,147,NA,NA,NA,NA
ERIVAG,14,2006,135,138,145,NA,NA,NA,NA,132,135,141,NA,NA,NA,NA
ERIVAG,15,2006,135,138,150,NA,NA,NA,NA,132,135,147,NA,NA,NA,NA
ERIVAG,16,2006,135,138,162,NA,NA,NA,NA,132,135,159,NA,NA,NA,NA
ERIVAG,17,2006,138,NA,NA,NA,NA,NA,NA,135,NA,NA,NA,NA,NA,NA
ERIVAG,18,2006,135,141,145,NA,NA,NA,NA,132,138,141,NA,NA,NA,NA
ERIVAG,19,2006,135,138,145,NA,NA,NA,NA,132,135,141,NA,NA,NA,NA
ERIVAG,20,2006,135,138,162,NA,NA,NA,NA,132,135,159,NA,NA,NA,NA
SALARC,F1,2006,147,159,NA,NA,207,235,238,145,156,NA,NA,204,232,235
SALARC,F10,2006,141,165,NA,NA,NA,NA,NA,138,162,NA,NA,NA,NA,NA
SALARC,F2,2006,147,165,NA,NA,204,232,NA,145,162,NA,NA,202,226,NA
SALARC,F3,2006,147,162,NA,NA,207,NA,235,145,159,NA,NA,204,NA,232
SALARC,F4,2006,145,162,NA,NA,214,238,NA,141,159,NA,NA,210,235,NA
SALARC,F5,2006,145,165,NA,NA,202,232,235,141,162,NA,NA,198,226,232
SALARC,F6,2006,145,162,NA,180,202,241,NA,141,159,NA,177,198,238,NA
SALARC,F7,2006,145,156,NA,NA,214,241,NA,141,153,NA,NA,210,238,NA
SALARC,F8,2006,145,159,NA,NA,202,NA,NA,141,156,NA,NA,198,NA,NA
SALARC,F9,2006,141,153,NA,177,210,NA,NA,138,150,NA,174,207,NA,NA
SALARC,M1,2006,147,159,NA,NA,202,241,NA,145,156,NA,NA,198,238,NA
SALARC,M10,2006,141,162,NA,NA,207,NA,NA,138,159,NA,NA,204,NA,NA
SALARC,M2,2006,147,165,NA,NA,210,241,NA,145,162,NA,NA,207,238,NA
SALARC,M3,2006,147,165,NA,NA,NA,NA,235,145,162,NA,NA,NA,NA,232
SALARC,M4,2006,145,159,NA,NA,202,241,NA,141,156,NA,NA,198,238,NA
SALARC,M5,2006,145,156,NA,NA,204,238,NA,141,153,NA,NA,202,235,NA
SALARC,M6,2006,145,162,NA,NA,207,235,235,141,159,NA,NA,204,232,232
SALARC,M7,2006,147,162,NA,NA,202,NA,NA,145,159,NA,NA,198,NA,NA
SALARC,M8,2006,141,159,NA,NA,207,NA,NA,138,156,NA,NA,204,NA,NA
SALARC,M9,2006,141,156,177,NA,210,NA,NA,138,153,174,NA,207,NA,NA
DRYINT,1,2005,117,NA,NA,NA,NA,NA,NA,114,NA,NA,NA,NA,NA,NA
DRYINT,2,2005,117,NA,NA,NA,NA,NA,NA,114,NA,NA,NA,NA,NA,NA
DRYINT,3,2005,117,NA,NA,NA,NA,NA,NA,114,NA,NA,NA,NA,NA,NA
DRYINT,4,2005,114,NA,NA,NA,NA,NA,NA,111,NA,NA,NA,NA,NA,NA
DRYINT,5,2005,114,NA,NA,NA,NA,NA,NA,111,NA,NA,NA,NA,NA,NA
DRYINT,6,2005,120,NA,NA,NA,NA,NA,NA,117,NA,NA,NA,NA,NA,NA
DRYINT,7,2005,120,174,210,NA,NA,NA,NA,117,171,208,NA,NA,NA,NA
DRYINT,8,2005,120,183,195,NA,NA,NA,NA,117,180,192,NA,NA,NA,NA
DRYINT,9,2005,123,NA,NA,NA,NA,NA,NA,120,NA,NA,NA,NA,NA,NA
DRYINT,10,2005,117,NA,NA,NA,NA,NA,NA,114,NA,NA,NA,NA,NA,NA
DRYINT,11,2005,117,190,198,188,213,NA,NA,114,189,195,186,210,NA,NA
DRYINT,12,2005,117,NA,NA,NA,NA,NA,NA,114,NA,NA,NA,NA,NA,NA
DRYINT,13,2005,120,183,206,208,215,NA,NA,117,180,204,207,214,NA,NA
DRYINT,14,2005,117,186,190,204,215,NA,NA,114,183,189,203,214,NA,NA
DRYINT,15,2005,123,183,195,208,NA,NA,NA,120,180,192,207,NA,NA,NA
DRYINT,16,2005,138,NA,NA,NA,NA,NA,NA,135,NA,NA,NA,NA,NA,NA
DRYINT,17,2005,144,NA,NA,NA,NA,NA,NA,141,NA,NA,NA,NA,NA,NA
DRYINT,18,2005,147,NA,NA,NA,NA,NA,NA,144,NA,NA,NA,NA,NA,NA
DRYINT,19,2005,144,190,195,208,NA,NA,NA,141,189,192,207,NA,NA,NA
DRYINT,20,2005,147,NA,NA,NA,NA,NA,NA,144,NA,NA,NA,NA,NA,NA
ERIVAG,1,2005,NA,144,156,NA,NA,NA,NA,NA,141,153,NA,NA,NA,NA
ERIVAG,2,2005,138,138,147,NA,NA,NA,NA,135,135,144,NA,NA,NA,NA
ERIVAG,3,2005,120,138,147,NA,NA,NA,NA,117,135,144,NA,NA,NA,NA
ERIVAG,4,2005,123,NA,NA,NA,NA,NA,NA,120,NA,NA,NA,NA,NA,NA
ERIVAG,5,2005,138,NA,NA,NA,NA,NA,NA,135,NA,NA,NA,NA,NA,NA
ERIVAG,6,2005,120,138,147,NA,NA,NA,NA,117,135,144,NA,NA,NA,NA
ERIVAG,7,2005,132,138,147,NA,NA,NA,NA,129,135,144,NA,NA,NA,NA
ERIVAG,8,2005,138,138,147,NA,NA,NA,NA,135,135,144,NA,NA,NA,NA
ERIVAG,9,2005,138,147,147,NA,NA,NA,NA,135,144,144,NA,NA,NA,NA
ERIVAG,10,2005,120,138,144,NA,NA,NA,NA,117,135,141,NA,NA,NA,NA
ERIVAG,11,2005,123,138,144,NA,NA,NA,NA,120,135,141,NA,NA,NA,NA
ERIVAG,12,2005,123,144,150,NA,NA,NA,NA,120,141,147,NA,NA,NA,NA
ERIVAG,13,2005,120,138,147,NA,NA,NA,NA,117,135,144,NA,NA,NA,NA
ERIVAG,14,2005,123,138,150,NA,NA,NA,NA,120,135,147,NA,NA,NA,NA
ERIVAG,15,2005,120,138,159,NA,NA,NA,NA,117,135,156,NA,NA,NA,NA
ERIVAG,16,2005,120,138,147,NA,NA,NA,NA,117,135,144,NA,NA,NA,NA
ERIVAG,17,2005,120,138,156,NA,NA,NA,NA,117,135,153,NA,NA,NA,NA
ERIVAG,18,2005,120,138,144,NA,NA,NA,NA,117,135,141,NA,NA,NA,NA
ERIVAG,19,2005,120,138,144,NA,NA,NA,NA,117,135,141,NA,NA,NA,NA
ERIVAG,20,2005,120,138,159,NA,NA,NA,NA,117,135,156,NA,NA,NA,NA
SALARC,F1,2005,156,174,NA,NA,220,241,NA,153,171,NA,NA,217,238,NA
SALARC,F10,2005,130,174,NA,NA,217,NA,NA,129,171,NA,NA,215,NA,NA
SALARC,F2,2005,153,174,NA,NA,223,NA,NA,150,171,NA,NA,220,NA,NA
SALARC,F3,2005,150,174,NA,NA,223,241,NA,147,171,NA,NA,220,238,NA
SALARC,F4,2005,147,174,NA,NA,217,NA,NA,144,171,NA,NA,215,NA,NA
SALARC,F5,2005,147,174,NA,NA,220,NA,NA,144,171,NA,NA,217,NA,NA
SALARC,F6,2005,144,162,NA,NA,215,241,NA,141,159,NA,NA,214,238,NA
SALARC,F7,2005,144,174,NA,NA,215,NA,NA,141,171,NA,NA,214,NA,NA
SALARC,F8,2005,144,165,NA,NA,220,NA,NA,141,162,NA,NA,217,NA,NA
SALARC,F9,2005,144,162,NA,NA,210,241,NA,141,159,NA,NA,208,238,NA
SALARC,M1,2005,156,162,180,NA,210,241,NA,153,159,177,NA,208,238,NA
SALARC,M10,2005,138,162,174,NA,226,NA,NA,135,159,171,NA,223,NA,NA
SALARC,M2,2005,150,174,NA,NA,220,NA,NA,147,171,NA,NA,217,NA,NA
SALARC,M3,2005,150,162,190,NA,217,NA,NA,147,159,189,NA,215,NA,NA
SALARC,M4,2005,150,168,NA,NA,220,NA,NA,147,165,NA,NA,217,NA,NA
SALARC,M5,2005,147,162,174,NA,217,NA,NA,144,159,171,NA,215,NA,NA
SALARC,M6,2005,144,162,183,NA,223,NA,NA,141,159,180,NA,220,NA,NA
SALARC,M7,2005,144,174,NA,NA,217,NA,NA,141,171,NA,NA,215,NA,NA
SALARC,M8,2005,144,168,NA,NA,226,NA,NA,141,165,NA,NA,223,NA,NA
SALARC,M9,2005,138,174,NA,NA,226,NA,NA,135,171,NA,NA,223,NA,NA
DRYINT,1,2004,NA,NA,NA,NA,NA,NA,NA,NA,NA,NA,NA,NA,NA,NA
DRYINT,2,2004,135,182,185,194,197,NA,NA,133,179,182,191,194,NA,NA
DRYINT,3,2004,117,173,179,197,191,NA,NA,114,170,176,194,188,NA,NA
DRYINT,4,2004,141,NA,NA,NA,NA,NA,NA,138,NA,NA,NA,NA,NA,NA
DRYINT,5,2004,132,182,185,191,191,NA,NA,129,179,182,188,188,NA,NA
DRYINT,6,2004,144,182,185,NA,197,NA,NA,141,179,182,NA,194,NA,NA
DRYINT,7,2004,150,182,185,194,197,NA,NA,147,179,182,191,194,NA,NA
DRYINT,8,2004,150,182,185,191,191,NA,NA,147,179,182,188,188,NA,NA
DRYINT,9,2004,153,182,NA,NA,NA,NA,NA,150,179,NA,NA,NA,NA,NA
DRYINT,10,2004,153,182,182,194,191,NA,NA,150,179,179,191,188,NA,NA
DRYINT,11,2004,156,185,188,200,NA,NA,NA,153,182,185,197,NA,NA,NA
DRYINT,12,2004,159,NA,NA,NA,NA,NA,NA,156,NA,NA,NA,NA,NA,NA
DRYINT,13,2004,159,182,185,197,NA,NA,NA,156,179,182,194,NA,NA,NA
DRYINT,14,2004,159,185,188,197,NA,NA,NA,156,182,185,194,NA,NA,NA
DRYINT,15,2004,159,182,188,200,NA,NA,NA,156,179,185,197,NA,NA,NA
DRYINT,16,2004,159,NA,NA,NA,NA,NA,NA,156,NA,NA,NA,NA,NA,NA
DRYINT,17,2004,159,NA,NA,NA,NA,NA,NA,156,NA,NA,NA,NA,NA,NA
DRYINT,18,2004,159,185,197,NA,NA,NA,NA,156,182,194,NA,NA,NA,NA
DRYINT,19,2004,162,191,197,NA,NA,NA,NA,159,188,194,NA,NA,NA,NA
DRYINT,20,2004,162,191,200,NA,NA,NA,NA,159,188,197,NA,NA,NA,NA
ERIVAG,1,2004,NA,150,156,NA,NA,NA,NA,NA,148,153,NA,NA,NA,NA
ERIVAG,2,2004,144,150,156,NA,NA,NA,NA,141,148,153,NA,NA,NA,NA
ERIVAG,3,2004,144,150,156,NA,NA,NA,NA,141,148,153,NA,NA,NA,NA
ERIVAG,4,2004,144,153,162,NA,NA,NA,NA,141,150,159,NA,NA,NA,NA
ERIVAG,5,2004,144,NA,NA,NA,NA,NA,NA,141,NA,NA,NA,NA,NA,NA
ERIVAG,6,2004,144,150,153,NA,NA,NA,NA,141,148,150,NA,NA,NA,NA
ERIVAG,7,2004,144,150,153,NA,NA,NA,NA,141,148,150,NA,NA,NA,NA
ERIVAG,8,2004,144,150,153,NA,NA,NA,NA,141,148,150,NA,NA,NA,NA
ERIVAG,9,2004,150,148,NA,NA,NA,NA,NA,148,147,NA,NA,NA,NA,NA
ERIVAG,10,2004,144,150,153,NA,NA,NA,NA,141,148,150,NA,NA,NA,NA
ERIVAG,11,2004,150,153,156,NA,NA,NA,NA,148,150,153,NA,NA,NA,NA
ERIVAG,12,2004,150,153,159,NA,NA,NA,NA,148,150,156,NA,NA,NA,NA
ERIVAG,13,2004,141,NA,NA,NA,NA,NA,NA,138,NA,NA,NA,NA,NA,NA
ERIVAG,14,2004,144,NA,NA,NA,NA,NA,NA,141,NA,NA,NA,NA,NA,NA
ERIVAG,15,2004,144,150,153,NA,NA,NA,NA,141,148,150,NA,NA,NA,NA
ERIVAG,16,2004,144,150,150,NA,NA,NA,NA,141,148,148,NA,NA,NA,NA
ERIVAG,17,2004,144,153,156,NA,NA,NA,NA,141,150,153,NA,NA,NA,NA
ERIVAG,18,2004,144,150,153,NA,NA,NA,NA,141,148,150,NA,NA,NA,NA
ERIVAG,19,2004,144,150,153,NA,NA,NA,NA,141,148,150,NA,NA,NA,NA
ERIVAG,20,2004,144,150,153,NA,NA,NA,NA,141,148,150,NA,NA,NA,NA
SALARC,F1,2004,170,179,NA,NA,210,236,NA,168,176,NA,NA,206,230,NA
SALARC,F10,2004,168,176,NA,NA,210,NA,NA,165,173,NA,NA,206,NA,NA
SALARC,F2,2004,170,185,NA,NA,210,NA,NA,168,182,NA,NA,206,NA,NA
SALARC,F3,2004,170,185,NA,NA,215,NA,NA,168,182,NA,NA,212,NA,NA
SALARC,F4,2004,170,176,NA,NA,210,NA,NA,168,173,NA,NA,206,NA,NA
SALARC,F5,2004,170,176,NA,NA,210,NA,NA,168,173,NA,NA,206,NA,NA
SALARC,F6,2004,170,176,NA,NA,215,NA,NA,168,173,NA,NA,212,NA,NA
SALARC,F7,2004,170,176,NA,NA,224,NA,NA,168,173,NA,NA,221,NA,NA
SALARC,F8,2004,170,176,NA,NA,210,NA,NA,168,173,NA,NA,206,NA,NA
SALARC,F9,2004,170,176,NA,NA,210,NA,NA,168,173,NA,NA,206,NA,NA
SALARC,M1,2004,170,179,NA,NA,210,NA,NA,168,176,NA,NA,206,NA,NA
SALARC,M10,2004,168,176,NA,NA,210,NA,NA,165,173,NA,NA,206,NA,NA
SALARC,M2,2004,170,176,NA,NA,224,NA,NA,168,173,NA,NA,221,NA,NA
SALARC,M3,2004,170,182,NA,NA,212,NA,NA,168,179,NA,NA,210,NA,NA
SALARC,M4,2004,168,176,NA,NA,210,NA,NA,165,173,NA,NA,206,NA,NA
SALARC,M5,2004,170,182,NA,NA,210,NA,NA,168,179,NA,NA,206,NA,NA
SALARC,M6,2004,170,176,NA,NA,224,NA,NA,168,173,NA,NA,221,NA,NA
SALARC,M7,2004,170,176,NA,NA,210,NA,NA,168,173,NA,NA,206,NA,NA
SALARC,M8,2004,170,176,NA,NA,224,NA,NA,168,173,NA,NA,221,NA,NA
SALARC,M9,2004,168,176,NA,NA,224,NA,NA,165,173,NA,NA,221,NA,NA
DRYINT,1,2003,141,190,NA,NA,NA,NA,NA,139,188,NA,NA,NA,NA,NA
DRYINT,2,2003,141,183,183,198,196,NA,NA,139,179,179,197,195,NA,NA
DRYINT,3,2003,141,183,184,196,196,NA,NA,139,179,183,195,195,NA,NA
DRYINT,4,2003,141,NA,190,201,204,NA,NA,139,NA,188,200,203,NA,NA
DRYINT,5,2003,141,183,183,198,196,NA,NA,139,179,179,197,195,NA,NA
DRYINT,6,2003,141,183,183,201,198,NA,NA,139,179,179,200,197,NA,NA
DRYINT,7,2003,147,183,183,196,196,NA,NA,144,179,179,195,195,NA,NA
DRYINT,8,2003,141,183,186,196,196,NA,NA,139,179,185,195,195,NA,NA
DRYINT,9,2003,147,183,183,198,NA,NA,NA,144,179,179,197,NA,NA,NA
DRYINT,10,2003,147,183,183,196,196,NA,NA,144,179,179,195,195,NA,NA
DRYINT,11,2003,147,183,186,196,NA,NA,NA,144,179,185,195,NA,NA,NA
DRYINT,12,2003,147,183,186,198,NA,NA,NA,144,179,185,197,NA,NA,NA
DRYINT,13,2003,147,183,183,196,196,NA,NA,144,179,179,195,195,NA,NA
DRYINT,14,2003,147,183,186,198,196,NA,NA,144,179,185,197,195,NA,NA
DRYINT,15,2003,147,183,186,201,204,NA,NA,144,179,185,200,203,NA,NA
DRYINT,16,2003,147,183,NA,NA,NA,NA,NA,144,179,NA,NA,NA,NA,NA
DRYINT,17,2003,147,183,186,196,196,NA,NA,144,179,185,195,195,NA,NA
DRYINT,18,2003,147,NA,NA,NA,NA,NA,NA,144,NA,NA,NA,NA,NA,NA
DRYINT,19,2003,147,183,190,201,204,NA,NA,144,179,188,200,203,NA,NA
DRYINT,20,2003,141,NA,190,NA,204,NA,NA,139,NA,188,NA,203,NA,NA
ERIVAG,1,2003,151,NA,NA,NA,NA,NA,NA,149,NA,NA,NA,NA,NA,NA
ERIVAG,2,2003,154,158,164,NA,NA,NA,NA,153,154,158,NA,NA,NA,NA
ERIVAG,3,2003,141,NA,NA,NA,NA,NA,NA,139,NA,NA,NA,NA,NA,NA
ERIVAG,4,2003,149,NA,NA,NA,NA,NA,NA,147,NA,NA,NA,NA,NA,NA
ERIVAG,5,2003,147,NA,NA,NA,NA,NA,NA,144,NA,NA,NA,NA,NA,NA
ERIVAG,6,2003,147,154,158,NA,NA,NA,NA,144,153,154,NA,NA,NA,NA
ERIVAG,7,2003,147,158,168,NA,NA,NA,NA,144,154,164,NA,NA,NA,NA
ERIVAG,8,2003,141,154,183,NA,NA,NA,NA,139,153,179,NA,NA,NA,NA
ERIVAG,9,2003,141,164,168,NA,NA,NA,NA,139,158,164,NA,NA,NA,NA
ERIVAG,10,2003,147,154,158,NA,NA,NA,NA,144,153,154,NA,NA,NA,NA
ERIVAG,11,2003,141,154,154,NA,NA,NA,NA,139,153,153,NA,NA,NA,NA
ERIVAG,12,2003,141,154,154,NA,NA,NA,NA,139,153,153,NA,NA,NA,NA
ERIVAG,13,2003,141,154,154,NA,NA,NA,NA,139,153,153,NA,NA,NA,NA
ERIVAG,14,2003,141,154,154,NA,NA,NA,NA,139,153,153,NA,NA,NA,NA
ERIVAG,15,2003,141,154,154,NA,NA,NA,NA,139,153,153,NA,NA,NA,NA
ERIVAG,16,2003,141,154,154,NA,NA,NA,NA,139,153,153,NA,NA,NA,NA
ERIVAG,17,2003,141,NA,NA,NA,NA,NA,NA,139,NA,NA,NA,NA,NA,NA
ERIVAG,18,2003,141,154,158,NA,NA,NA,NA,139,153,154,NA,NA,NA,NA
ERIVAG,19,2003,141,NA,NA,NA,NA,NA,NA,139,NA,NA,NA,NA,NA,NA
ERIVAG,20,2003,141,154,164,NA,NA,NA,NA,139,153,158,NA,NA,NA,NA
SALARC,F1,2003,154,190,NA,NA,222,234,NA,151,188,NA,NA,216,231,NA
SALARC,F10,2003,151,171,NA,NA,222,NA,NA,147,168,NA,NA,216,NA,NA
SALARC,F2,2003,154,174,NA,NA,222,NA,NA,151,171,NA,NA,216,NA,NA
SALARC,F3,2003,154,183,NA,NA,213,234,NA,151,179,NA,NA,210,231,NA
SALARC,F4,2003,154,171,NA,NA,210,NA,NA,151,168,NA,NA,204,NA,NA
SALARC,F5,2003,154,171,NA,NA,222,NA,NA,151,168,NA,NA,216,NA,NA
SALARC,F6,2003,141,186,NA,NA,210,NA,NA,139,185,NA,NA,204,NA,NA
SALARC,F7,2003,141,171,NA,NA,210,234,NA,139,168,NA,NA,204,231,NA
SALARC,F8,2003,141,168,NA,NA,222,NA,NA,139,164,NA,NA,216,NA,NA
SALARC,F9,2003,141,168,NA,204,210,NA,NA,139,164,NA,203,204,NA,NA
SALARC,M1,2003,154,174,NA,NA,222,231,NA,151,171,NA,NA,216,228,NA
SALARC,M10,2003,151,171,183,NA,228,NA,NA,147,168,179,NA,225,NA,NA
SALARC,M2,2003,154,171,NA,NA,228,234,NA,151,168,NA,NA,225,231,NA
SALARC,M3,2003,154,174,NA,NA,222,234,NA,151,171,NA,NA,216,231,NA
SALARC,M4,2003,154,174,NA,NA,216,NA,NA,151,171,NA,NA,213,NA,NA
SALARC,M5,2003,151,NA,NA,NA,NA,NA,NA,147,NA,NA,NA,NA,NA,NA
SALARC,M6,2003,141,174,NA,NA,228,NA,NA,139,171,NA,NA,225,NA,NA
SALARC,M7,2003,141,168,NA,NA,213,NA,NA,139,164,NA,NA,210,NA,NA
SALARC,M8,2003,141,168,183,NA,228,NA,NA,139,164,179,NA,225,NA,NA
SALARC,M9,2003,151,174,183,NA,222,NA,NA,147,171,179,NA,216,NA,NA
DRYINT,1,2002,131,NA,NA,NA,NA,NA,NA,121,NA,NA,NA,NA,NA,NA
DRYINT,2,2002,131,185,NA,NA,NA,NA,NA,121,179,NA,NA,NA,NA,NA
DRYINT,3,2002,131,185,NA,NA,NA,NA,NA,121,179,NA,NA,NA,NA,NA
DRYINT,4,2002,131,NA,NA,NA,NA,NA,NA,121,NA,NA,NA,NA,NA,NA
DRYINT,5,2002,131,NA,NA,NA,NA,NA,NA,121,NA,NA,NA,NA,NA,NA
DRYINT,6,2002,131,170,185,NA,NA,NA,NA,121,168,179,NA,NA,NA,NA
DRYINT,7,2002,131,176,185,NA,NA,NA,NA,121,173,179,NA,NA,NA,NA
DRYINT,8,2002,131,NA,NA,NA,NA,NA,NA,121,NA,NA,NA,NA,NA,NA
DRYINT,9,2002,131,NA,NA,NA,NA,NA,NA,121,NA,NA,NA,NA,NA,NA
DRYINT,10,2002,131,185,NA,NA,NA,NA,NA,121,179,NA,NA,NA,NA,NA
DRYINT,11,2002,131,179,185,NA,NA,NA,NA,121,176,179,NA,NA,NA,NA
DRYINT,12,2002,131,NA,NA,NA,NA,NA,NA,121,NA,NA,NA,NA,NA,NA
DRYINT,13,2002,131,NA,NA,NA,NA,NA,NA,121,NA,NA,NA,NA,NA,NA
DRYINT,14,2002,131,170,NA,NA,NA,NA,NA,121,168,NA,NA,NA,NA,NA
DRYINT,15,2002,131,194,NA,NA,NA,NA,NA,121,191,NA,NA,NA,NA,NA
DRYINT,16,2002,131,NA,NA,NA,NA,NA,NA,121,NA,NA,NA,NA,NA,NA
DRYINT,17,2002,131,191,NA,NA,NA,NA,NA,121,188,NA,NA,NA,NA,NA
DRYINT,18,2002,131,NA,NA,NA,NA,NA,NA,121,NA,NA,NA,NA,NA,NA
DRYINT,19,2002,131,NA,NA,NA,NA,NA,NA,121,NA,NA,NA,NA,NA,NA
DRYINT,20,2002,131,NA,NA,NA,NA,NA,NA,121,NA,NA,NA,NA,NA,NA
ERIVAG,1,2002,137,137,143,NA,NA,NA,NA,135,135,140,NA,NA,NA,NA
ERIVAG,2,2002,135,135,143,NA,NA,NA,NA,131,131,140,NA,NA,NA,NA
ERIVAG,3,2002,131,137,143,NA,NA,NA,NA,121,135,140,NA,NA,NA,NA
ERIVAG,4,2002,135,137,152,NA,NA,NA,NA,131,135,143,NA,NA,NA,NA
ERIVAG,5,2002,135,135,143,NA,NA,NA,NA,131,131,140,NA,NA,NA,NA
ERIVAG,6,2002,135,152,152,NA,NA,NA,NA,131,143,143,NA,NA,NA,NA
ERIVAG,7,2002,135,143,152,NA,NA,NA,NA,131,140,143,NA,NA,NA,NA
ERIVAG,8,2002,140,143,152,NA,NA,NA,NA,137,140,143,NA,NA,NA,NA
ERIVAG,9,2002,143,NA,165,NA,NA,NA,NA,140,NA,161,NA,NA,NA,NA
ERIVAG,10,2002,143,152,152,NA,NA,NA,NA,140,143,143,NA,NA,NA,NA
ERIVAG,11,2002,131,131,137,NA,NA,NA,NA,121,121,135,NA,NA,NA,NA
ERIVAG,12,2002,137,137,143,NA,NA,NA,NA,135,135,140,NA,NA,NA,NA
ERIVAG,13,2002,131,131,140,NA,NA,NA,NA,121,121,137,NA,NA,NA,NA
ERIVAG,14,2002,135,137,143,NA,NA,NA,NA,131,135,140,NA,NA,NA,NA
ERIVAG,15,2002,135,135,143,NA,NA,NA,NA,131,131,140,NA,NA,NA,NA
ERIVAG,16,2002,131,131,137,NA,NA,NA,NA,121,121,135,NA,NA,NA,NA
ERIVAG,17,2002,131,159,165,NA,NA,NA,NA,121,152,161,NA,NA,NA,NA
ERIVAG,18,2002,131,131,137,NA,NA,NA,NA,121,121,135,NA,NA,NA,NA
ERIVAG,19,2002,131,131,137,NA,NA,NA,NA,121,121,135,NA,NA,NA,NA
ERIVAG,20,2002,135,135,152,NA,NA,NA,NA,131,131,143,NA,NA,NA,NA
SALARC,F1,2002,152,159,NA,NA,221,NA,NA,143,155,NA,NA,203,NA,NA
SALARC,F10,2002,152,159,NA,NA,230,235,NA,143,155,NA,NA,228,233,NA
SALARC,F2,2002,152,159,NA,NA,224,NA,NA,143,155,NA,NA,221,NA,NA
SALARC,F3,2002,152,161,NA,197,235,NA,NA,143,159,NA,196,233,NA,NA
SALARC,F4,2002,152,159,NA,NA,221,NA,NA,143,155,NA,NA,203,NA,NA
SALARC,F5,2002,155,159,NA,NA,230,NA,NA,152,155,NA,NA,228,NA,NA
SALARC,F6,2002,155,161,NA,168,235,NA,NA,152,159,NA,165,233,NA,NA
SALARC,F7,2002,152,159,NA,197,221,NA,NA,143,155,NA,196,203,NA,NA
SALARC,F8,2002,152,161,NA,NA,221,NA,NA,143,159,NA,NA,203,NA,NA
SALARC,F9,2002,152,159,NA,NA,221,235,NA,143,155,NA,NA,203,233,NA
SALARC,M1,2002,152,159,NA,NA,224,235,NA,143,155,NA,NA,221,233,NA
SALARC,M10,2002,152,161,NA,NA,230,NA,NA,143,159,NA,NA,228,NA,NA
SALARC,M2,2002,152,161,NA,NA,230,NA,NA,143,159,NA,NA,228,NA,NA
SALARC,M3,2002,152,159,NA,NA,224,NA,NA,143,155,NA,NA,221,NA,NA
SALARC,M4,2002,152,159,NA,NA,221,NA,NA,143,155,NA,NA,203,NA,NA
SALARC,M5,2002,155,161,NA,NA,228,NA,NA,152,159,NA,NA,224,NA,NA
SALARC,M6,2002,155,161,NA,NA,235,NA,NA,152,159,NA,NA,233,NA,NA
SALARC,M7,2002,152,159,NA,NA,221,NA,NA,143,155,NA,NA,203,NA,NA
SALARC,M8,2002,152,159,NA,NA,221,NA,NA,143,155,NA,NA,203,NA,NA
SALARC,M9,2002,152,159,NA,NA,228,NA,NA,143,155,NA,NA,224,NA,NA
DRYINT,1,2001,156,195,199,206,NA,NA,NA,146,194,196,202,NA,NA,NA
DRYINT,2,2001,156,184,194,NA,NA,NA,NA,146,182,190,NA,NA,NA,NA
DRYINT,3,2001,156,190,194,206,NA,NA,NA,146,189,190,202,NA,NA,NA
DRYINT,4,2001,156,189,194,206,NA,NA,NA,146,188,190,202,NA,NA,NA
DRYINT,5,2001,156,178,182,202,NA,NA,NA,146,175,181,199,NA,NA,NA
DRYINT,6,2001,156,182,190,206,NA,NA,NA,146,181,189,202,NA,NA,NA
DRYINT,7,2001,156,NA,182,202,NA,NA,NA,146,NA,181,199,NA,NA,NA
DRYINT,8,2001,156,190,194,206,NA,NA,NA,146,189,190,202,NA,NA,NA
DRYINT,9,2001,156,182,190,206,NA,NA,NA,146,181,189,202,NA,NA,NA
DRYINT,10,2001,156,178,182,202,NA,NA,NA,146,175,181,199,NA,NA,NA
DRYINT,11,2001,156,184,190,202,NA,NA,NA,146,182,189,199,NA,NA,NA
DRYINT,12,2001,156,NA,NA,NA,NA,NA,NA,146,NA,NA,NA,NA,NA,NA
DRYINT,13,2001,156,182,184,202,NA,NA,NA,146,181,182,199,NA,NA,NA
DRYINT,14,2001,156,181,184,202,NA,NA,NA,146,178,182,199,NA,NA,NA
DRYINT,15,2001,156,194,196,206,NA,NA,NA,146,190,195,202,NA,NA,NA
DRYINT,16,2001,156,194,196,206,NA,NA,NA,146,190,195,202,NA,NA,NA
DRYINT,17,2001,156,199,NA,206,NA,NA,NA,146,196,NA,202,NA,NA,NA
DRYINT,18,2001,156,NA,NA,NA,NA,NA,NA,146,NA,NA,NA,NA,NA,NA
DRYINT,19,2001,156,184,190,202,NA,NA,NA,146,182,189,199,NA,NA,NA
DRYINT,20,2001,156,178,182,199,NA,NA,NA,146,175,181,196,NA,NA,NA
SALARC,F1,2001,163,169,190,NA,NA,NA,NA,160,167,189,NA,NA,NA,NA
SALARC,F10,2001,158,163,190,NA,NA,NA,NA,156,160,189,NA,NA,NA,NA
SALARC,F2,2001,163,172,190,NA,NA,NA,NA,160,169,189,NA,NA,NA,NA
SALARC,F3,2001,160,172,190,NA,NA,NA,NA,158,169,189,NA,NA,NA,NA
SALARC,F4,2001,158,167,190,NA,NA,NA,NA,156,163,189,NA,NA,NA,NA
SALARC,F5,2001,160,172,181,NA,NA,NA,NA,158,169,178,NA,NA,NA,NA
SALARC,F6,2001,158,172,190,195,NA,NA,NA,156,169,189,194,NA,NA,NA
SALARC,F7,2001,158,169,187,202,206,NA,NA,156,167,184,199,202,NA,NA
SALARC,F8,2001,158,163,190,NA,NA,NA,NA,156,160,189,NA,NA,NA,NA
SALARC,F9,2001,158,163,187,202,NA,NA,NA,156,160,184,199,NA,NA,NA
SALARC,M1,2001,163,172,190,NA,NA,NA,NA,160,169,189,NA,NA,NA,NA
SALARC,M10,2001,158,163,178,NA,NA,NA,NA,156,160,175,NA,NA,NA,NA
SALARC,M2,2001,163,167,181,NA,NA,NA,NA,160,163,178,NA,NA,NA,NA
SALARC,M3,2001,163,172,190,NA,NA,NA,NA,160,169,189,NA,NA,NA,NA
SALARC,M4,2001,163,169,190,NA,NA,NA,NA,160,167,189,NA,NA,NA,NA
SALARC,M5,2001,160,172,190,NA,NA,NA,NA,158,169,189,NA,NA,NA,NA
SALARC,M6,2001,158,172,181,NA,NA,NA,NA,156,169,178,NA,NA,NA,NA
SALARC,M7,2001,158,169,190,NA,NA,NA,NA,156,167,189,NA,NA,NA,NA
SALARC,M8,2001,158,163,187,NA,NA,NA,NA,156,160,184,NA,NA,NA,NA
SALARC,M9,2001,158,163,187,202,NA,NA,NA,156,160,184,199,NA,NA,NA
